Workbook
Name _GoA1: '20.개정 이력'!_GoA1
Name _GoA1: '[1]4-1.CCTA(UPS5)'!_GoA1
Name _GoA1: '30.작성법'!_GoA1
Name _GoA1: '[1]4-1.CCTA(UPS5)'!_GoA1
Name _GoA1: '[1]4-1.CCTA(UPS5)'!_GoA1
Name _GoA1: [0]!_GoA1
Name Capture.Capture: '20.개정 이력'!Capture.Capture
Name Capture.Capture: '[1]4-1.CCTA(UPS5)'!Capture.Capture
Name Capture.Capture: '30.작성법'!Capture.Capture
Name Capture.Capture: '[1]4-1.CCTA(UPS5)'!Capture.Capture
Name Capture.Capture: '[1]4-1.CCTA(UPS5)'!Capture.Capture
Name Capture.Capture: [0]!Capture.Capture
Name LXCPK: '20.개정 이력'!LXCPK
Name LXCPK: '[1]4-1.CCTA(UPS5)'!LXCPK
Name LXCPK: '30.작성법'!LXCPK
Name LXCPK: '[1]4-1.CCTA(UPS5)'!LXCPK
Name LXCPK: '[1]4-1.CCTA(UPS5)'!LXCPK
Name LXCPK: [0]!LXCPK
Name RANDR폭: '20.개정 이력'!RANDR폭
Name RANDR폭: '[1]4-1.CCTA(UPS5)'!RANDR폭
Name RANDR폭: '30.작성법'!RANDR폭
Name RANDR폭: '[1]4-1.CCTA(UPS5)'!RANDR폭
Name RANDR폭: '[1]4-1.CCTA(UPS5)'!RANDR폭
Name RANDR폭: [0]!RANDR폭
Name 切断評価結果: [3]報告書!$M$15
Name 폭CPK: '20.개정 이력'!폭CPK
Name 폭CPK: '[1]4-1.CCTA(UPS5)'!폭CPK
Name 폭CPK: '30.작성법'!폭CPK
Name 폭CPK: '[1]4-1.CCTA(UPS5)'!폭CPK
Name 폭CPK: '[1]4-1.CCTA(UPS5)'!폭CPK
Name 폭CPK: [0]!폭CPK

Sheet 표지
T26: Ver.0.1
R29: 결 재 | V29: 승 인 | AA29: 검 토 | AF29: 작 성

Sheet 1. PC1_AXIS CHECK LIST(CIM1)
A2: 1. PC1_Axis Check List(CIM)
C4: 1. PC Check List | H4: 이 Page의 내용은 MDIK에서 체크 및 결과를 기록 한다. | S4: OK
S5: NG
D6: 1) Main PC Install | S6: SKIP
D7: NO | E7: 구성 | F7: 기기명 | G7: 기타 사항 | H7: 명칭 | I7: 명칭 약어 (최대 8개, - 제외) | M7: 1차 Check | Q7: 2차 Check
M8: 확인 일자 | N8: 결 과 | O8: 사 유 / 내용 | Q8: 확인 일자 | R8: 결 과 | S8: 사 유
D9: 1 | E9: 프로그램 & Option | F9: Antivirus | G9: AhnLab | H9: AhnLab V3 Internet Security 9.0
F10: Windows | G10: Microsoft | H10: Windows10 64Bit
F11: Excel | G11: Microsoft | H11: Office Home & Buseniss 2021
D17: NO | E17: 구성 | F17: 기기명 | G17: 설정 내용 | H17: 용도 명칭 | I17: 명칭 약어 (최대 8개, - 제외) | M17: 1차 Check | Q17: 2차 Check
M18: 확인 일자 | N18: 결 과 | O18: 사 유 / 내용 | Q18: 확인 일자 | R18: 결 과 | S18: 사 유
D19: 1 | E19: PC PORT | F19: CPU Board Lan Card | G19: Port 1 | H19: HUB#1
G20: Port 2 | H20: Host Ethernet Link
G21: Port 3
F22: Melsec Board (Q80BD-J71GP21S-SX) | G22: Port 1
G23: Port 2
F24: Lan Card I350-T4V2 (Intel - 4 PORT) | G24: Port 1 | H24: Accura Power Meter ( UPS1 )
G25: Port 2 | H25: Accura Power Meter ( GPS )
G26: Port 3 | H26: ESD SENSOR ( SCT )
G27: Port 4

Sheet 2. PC2_AXIS CHECK LIST(SCT)
A2: 2. PC2_Axis Check List(SCT)
C4: 1. PC Check List | H4: 이 Page의 내용은 MDIK에서 체크 및 결과를 기록 한다. | R4: OK
R5: NG
D6: 1) Main PC Install | R6: SKIP
D7: NO | E7: 구성 | F7: 기기명 | G7: 기타 사항 | H7: 명칭 | L7: 1차 Check | P7: 2차 Check
L8: 확인 일자 | M8: 결 과 | N8: 사 유 / 내용 | P8: 확인 일자 | Q8: 결 과 | R8: 사 유
D9: 1 | E9: 프로그램 & Option | F9: Antivirus | G9: AhnLab | H9: AhnLab V3 Internet Security 9.0
F10: Windows | G10: Microsoft | H10: Windows10 64Bit
F11: Excel | G11: Microsoft | H11: Office Home & Buseniss 2021
D17: NO | E17: 구성 | F17: 기기명 | G17: 설정 내용 | H17: 용도 명칭 | L17: 1차 Check | P17: 2차 Check
L18: 확인 일자 | M18: 결 과 | N18: 사 유 / 내용 | P18: 확인 일자 | Q18: 결 과 | R18: 사 유
D19: 1 | E19: PC PORT | F19: CPU Board Lan Card | G19: Port 1 | H19: HUB#1
G20: Port 2 | H20: SCT MP3200
G21: Port 3
F22: Lan Card I350-T4V2 (Intel - 4Port) | G22: Port 1 | H22: MCR
G23: Port 2 | H23: SCT ESD SPARE
G24: Port 3 | H24: UPS1 PM SPARE
G25: Port 4 | H25: GPS PM SPARE
F26: Moxa Card | G26: CP-118EL-A / RS232 | H26: 1 CH : Light Controller 2CH [RS232C] | I26: 33
H27: 2 CH : Light Controller 2CH [RS232C] | I27: 34
H28: 3 CH : Light Controller 2CH [RS232C] | I28: 35
H29: 4 CH : | I29: 36
H30: 5 CH : | I30: 37
H31: 6 CH : Dust 01 [RS485] (온도계) | I31: 38
H32: 7 CH : Dust 01 [RS485] (압력계) | I32: 39
H33: 8 CH : Dust 01 [RS485] (기판) | I33: 40
H34: 8 CH :
H35: 9 CH :
H36: 10 CH :
H37: 11 CH :
H38: 12 CH :
H39: 13 CH :
H40: 14 CH :
H41: 15 CH :
H42: 16 CH :
F43: Moxa Card | G43: CP-116E-A / RS232,485 | H43: 1 CH : SMC01 [RS485 2 Wire] | I43: 17
H44: 2 CH : SMC02 [RS485 2 Wire] | I44: 18
H45: 3 CH : SMC03 [RS485 2 Wire] | I45: 19
H46: 4 CH : SMC04 [RS485 2 Wire] | I46: 20
H47: 5 CH : | I47: 21
H48: 6 CH : | I48: 22
H49: 7 CH : | I49: 23
H50: 8 CH : Temp Sensor [RS485] | I50: 24
H51: 9 CH : SCT IONAZER #1 [RS485] | I51: 25
H52: 10 CH : SCT IONAZER #2 [RS485] | I52: 26
H53: 11 CH : SCT IONAZER #3 [RS485] | I53: 27
H54: 12 CH : SCT IONAZER #4 [RS485] | I54: 28
H55: 13 CH : SCT IONAZER #5 [RS485] | I55: 29
... H58: 16 CH : | I58: 32
F59: Camera Board (FG-NA24-POE 4CH) | G59: Port 1 | H59: SCT Scribe Align Left Camera
G60: Port 2 | H60: SCT Scribe Align Right Camera
G61: Port 3
G62: Port 4
F63: Camera Board (FG-NA24-POE 4CH) | G63: Port 1 | H63: SCT Main Glass PreAlign Left Camera
G64: Port 2 | H64: SCT Main Glass PreAlign Right Camera
G65: Port 3 | H65: SCT Stick PreAlign Left Camera
G66: Port 4 | H66: SCT Stick PreAlign Right Camera
D67: 2 | E67: MP3200 | F67: Power | G67: JEPMC-PSA3012-E
F68: CPU | G68: JEPMC-CP3201-E | H68: Motion Controller
F69: Base | G69: JEPMC-BUB3008-E | H69: Option 8 Slot
F70: 1. Motion Board | G70: JAPMC-MC2320-E | H70: Servo Controller
F71: 2. Motion Board | G71: JAPMC-MC2320-E | H71: Servo Controller
F72: 3. Motion Board | G72: JAPMC-MC2320-E | H72: Servo Controller
F73: 4. Cover | G73: JEPMC-OP2300
F74: 5. Gateway | G74: MPHLS-01 | H74: M System IO Module
F75: 6. Direct IO | G75: JAPMC-IO2303-E | H75: Omron Safety LIO Module
F77: 7. MP Link | G77: JAPMC-CM2360-E
H78: Pendant RS232C Interface
D81: 2. Axis Check List
D82: CPU-201 Board 1 MechatroLink- Ⅲ Transmission Cycle 1.0ms
D83: 회선 | F83: 기기명 | G83: DR No | H83: 명칭 | I83: 설정 | L83: 1차 Check | P83: 2차 Check
I84: S1 | J84: S2 | K84: 회선 | L84: 확인 일자 | M84: 결 과 | N84: 사 유 / 내용 | P84: 확인 일자 | Q84: 결 과 | R84: 사 유
D85: 1 | E85: 1 | I85: 0 | J85: 3 | K85: MP1-1
E86: 2 | I86: 0 | J86: 4 | K86: =K85 -> MP1-1
E87: 3 | I87: 0 | J87: 5 | K87: =K86 -> MP1-1
E88: 4 | F88: SGD7S-120A20A | G88: DR2106 | H88: SCT Main Glass Transfer1 Y-1 | I88: 0 | J88: 6 | K88: =K87 -> MP1-1
E89: 5 | F89: SGD7S-120A20A | G89: DR2107 | H89: SCT Main Glass Transfer1 Y-2 | I89: 0 | J89: 7 | K89: =K88 -> MP1-1
E90: 6 | F90: SGD7S-2R8A20A | G90: DR2108 | H90: SCT Main Glass Transfer1 X | I90: 0 | J90: 8 | K90: =K89 -> MP1-1
E91: 7 | F91: SGD7W-5R5A20A | G91: DR2109 | H91: SCT Main Glass Transfer1 Z-1 | I91: 0 | J91: 9 | K91: =K90 -> MP1-1
E92: 8 | G92: DR210A | H92: SCT Main Glass Transfer1 Z-2 | I92: 0 | J92: A | K92: =K91 -> MP1-1
E93: 9 | I93: 0 | J93: B | K93: =K92 -> MP1-1
E94: 10 | I94: 0 | J94: C | K94: =K93 -> MP1-1
E95: 11 | F95: SGD7W-1R6A20A | G95: DR210D | H95: SCT Main Glass PreAlign Left X | I95: 0 | J95: D | K95: =K94 -> MP1-1
E96: 12 | F96: 11-SUB | G96: DR210E | H96: SCT Main Glass PreAlign Right X | I96: 0 | J96: E | K96: =K95 -> MP1-1
E97: 13 | F97: SGD7S-5R5A20A | G97: DR210F | H97: SCT Main Glass MCR X | I97: 0 | J97: F | K97: =K96 -> MP1-1
E98: 14 | I98: 1 | J98: 0 | K98: =K97 -> MP1-1
E99: 15 | I99: 1 | J99: 1 | K99: =K98 -> MP1-1
E100: 16 | I100: 1 | J100: 2 | K100: =K99 -> MP1-1
E101: 17 | F101: SGD7W-7R6A20A | G101: DR2113 | H101: SCT Stick Transfer1 Y-1 | I101: 1 | J101: 3 | K101: MP1-2
E102: 18 | F102: 17-SUB | G102: DR2114 | H102: SCT Stick Transfer1 Y-2 | I102: 1 | J102: 4 | K102: =K101 -> MP1-2
E103: 19 | F103: SGD7W-5R5A20A | G103: DR2115 | H103: SCT Stick Transfer1 Z-1 | I103: 1 | J103: 5 | K103: =K102 -> MP1-2
E104: 20 | F104: 19-SUB | G104: DR2116 | H104: SCT Stick Transfer1 Z-2 | I104: 1 | J104: 6 | K104: =K103 -> MP1-2
E105: 21 | I105: 1 | J105: 7 | K105: =K104 -> MP1-2
E106: 22 | F106: SGD7S-7R6A20A | G106: DR2118 | H106: SCT Stick Buffer Table Y | I106: 1 | J106: 8 | K106: =K105 -> MP1-2
E107: 23 | I107: 1 | J107: 9 | K107: =K106 -> MP1-2
E108: 24 | I108: 1 | J108: A | K108: =K107 -> MP1-2
E109: 25 | F109: SGD7W-1R6A20A | G109: DR211B | H109: SCT Stick PreAlign Left X | I109: 1 | J109: B | K109: =K108 -> MP1-2
E110: 26 | F110: 11-SUB | G110: DR211C | H110: SCT Stick PreAlign Right X | I110: 1 | J110: C | K110: =K109 -> MP1-2
E111: 27 | I111: 1 | J111: D | K111: =K110 -> MP1-2
E112: 28 | F112: R7G4HML3-6-SVF4-R | G112: AI-AN21 | H112: SCT Table Level | I112: 1 | J112: E | K112: =K111 -> MP1-2
...

Sheet 2-1.SCT(UPS1)
B2: =[4]표지!F19 -> SDV SISW-OLED2300-4
B5: SERVO_CABLE | C5: 정격전류
B6: UPS1 SERVO AXIS LIST ( SCT ) | Z6: =SUM(Z9:Z54) -> 2.25 | AA6: =SUM(AA9:AA54) -> 2.25 | AB6: =SUM(AB9:AB54) -> 2.25
B7: PROCESS | D7: DR | H7: DT | I7: MOTOR TYPE | J7: AXIS | K7: 설정 | N7: SERVO PACK | O7: MOTOR | P7: MOTOR SUB | Q7: Watt | R7: CONTROL Power [A] | S7: Input Current [A] | T7: 가동율적용 [A] | U7: CB [A] | V7: Cable | X7: ELECTRONIC BOX NO. | Y7: 제어 전원 번호 | Z7: RS | AA7: RT | AB7: ST | AC7: RESISTOR | AD7: 회생저항
K8: S1 | L8: S2 | M8: 회선 | V8: Power | W8: Encoder
A9: RE | D9: DR2106 | G9: SCT Main Glass Transfer1 Y-1 | H9: =E9&F9&" "&G9 -> SCT Main Glass Transfer1 Y-1 | I9: =IF(OR(LEFT(O9,3)="SGL",LEFT(O9,5)="SGMCS"),"LINEAR","Rotary") -> Rotary | J9: =IF(OR(RIGHT($H9,1)="Z",LEFT(RIGHT($H9,2),1)="Z",LEFT(RIGHT($H9,3),1)="Z"),"Z",IF(OR(RIGHT($H9,1)="X",LEFT(RIGHT($H9,2),1)="X",LEFT(RIGHT($H9,3),1)="X"),"X",IF(OR(RIGHT($H9,1)="Y",LEFT(RIGHT($H9,2),1)="Y",LEFT(RIGHT($H9,3),1)="Y"),"Y","T"))) -> Y | K9: =VLOOKUP($D9,[4]회선정보!B:F,3,FALSE) -> 0 | L9: =VLOOKUP($D9,[4]회선정보!B:F,4,FALSE) -> 6 | M9: =VLOOKUP($D9,[4]회선정보!B:F,5,FALSE) -> MP1-1 | N9: SGD7S-120A20A | O9: SGM7G-13A7A21 | P9: =IFERROR(IF($I9="Rotary",LEFT($O9,9),$O9),"") -> SGM7G-13A | Q9: =IF(MID($N8,5,1)<>"W",VLOOKUP(N9,[4]정격용량!$B$3:$K$633,4,FALSE),"X") -> 1500 | R9: =IF(MID($N8,5,1)<>"W",VLOOKUP(N9,[4]정격용량!$B$3:$K$633,3,FALSE),"X") -> 0.25 | S9: =IF(MID($N8,5,1)<>"W",VLOOKUP(N9,[4]정격용량!$B$3:$K$633,6,FALSE),"X") -> 7.3 | T9: =IF(MID($N8,5,1)<>"W",S9*$C$85,"X") -> 2.7613043 | U9: =IF(MID($N8,5,1)<>"W",VLOOKUP(N9,[4]정격용량!$B$3:$K$633,9,FALSE),"X") -> 10 | V9: =IFERROR(IF(J9="Z",VLOOKUP(P9,'[4]SERVO CABLE'!G:AD,8,FALSE),VLOOKUP(P9,'[4]SERVO CABLE'!G:AD,4,FALSE)),"") -> JZSP-UVA122-□-E | W9: =IFERROR(VLOOKUP(P9,'[4]SERVO CABLE'!G:AD,17,FALSE),"") -> JZSP-CVP27-□-E | Y9: 1 | Z9: =IF($Y9=1,$R$9,"") -> 0.25 | AA9: =IF($Y9=2,$R$9,"") | AB9: =IF($Y9=3,$R$9,"") | AC9: =IF(MID($N8,5,1)<>"W",((700*700)/$Q9*1.509)/1000,"X") -> 0.49294 | AD9: =IF($AC9="X","X",IF($AC9<0.1,"X",IF($AC9<0.27,"IRV60",IF($AC9<0.91,"IRV80",IF($AC9<1.1,"IRV100",IF($AC9<1.3,"IRV120",IF($AC9<1.6,"IRV150",IF($AC9<2.2,"IRV200",IF($AC9<2.7,"IRV300",IF($AC9<4.3,"IRV400",IF($AC9<6.8,"IRV500","X"))))))))))) -> IRV80
A10: RE | D10: DR2107 | G10: SCT Main Glass Transfer1 Y-2 | H10: =E10&F10&" "&G10 -> SCT Main Glass Transfer1 Y-2 | I10: =IF(OR(LEFT(O10,3)="SGL",LEFT(O10,5)="SGMCS"),"LINEAR","Rotary") -> Rotary | J10: =IF(OR(RIGHT($H10,1)="Z",LEFT(RIGHT($H10,2),1)="Z",LEFT(RIGHT($H10,3),1)="Z"),"Z",IF(OR(RIGHT($H10,1)="X",LEFT(RIGHT($H10,2),1)="X",LEFT(RIGHT($H10,3),1)="X"),"X",IF(OR(RIGHT($H10,1)="Y",LEFT(RIGHT($H10,2),1)="Y",LEFT(RIGHT($H10,3),1)="Y"),"Y","T"))) -> Y | K10: =VLOOKUP($D10,[4]회선정보!B:F,3,FALSE) -> 0 | L10: =VLOOKUP($D10,[4]회선정보!B:F,4,FALSE) -> 7 | M10: =VLOOKUP($D10,[4]회선정보!B:F,5,FALSE) -> MP1-1 | N10: SGD7S-120A20A | O10: SGM7G-13A7A21 | P10: =IFERROR(IF($I10="Rotary",LEFT($O10,9),$O10),"") -> SGM7G-13A | Q10: =IF(MID($N9,5,1)<>"W",VLOOKUP(N10,[4]정격용량!$B$3:$K$633,4,FALSE),"X") -> 1500 | R10: =IF(MID(N9,5,1)<>"W",VLOOKUP(N10,[4]정격용량!$B$3:$K$633,3,FALSE),"X") -> 0.25 | S10: =IF(MID(N9,5,1)<>"W",VLOOKUP(N10,[4]정격용량!$B$3:$K$633,6,FALSE),"X") -> 7.3 | T10: =IF(MID($N9,5,1)<>"W",S10*$C$85,"X") -> 2.7613043 | U10: =IF(MID($N9,5,1)<>"W",VLOOKUP(N10,[4]정격용량!$B$3:$K$633,9,FALSE),"X") -> 10 | V10: =IFERROR(IF(J10="Z",VLOOKUP(P10,'[4]SERVO CABLE'!G:AD,8,FALSE),VLOOKUP(P10,'[4]SERVO CABLE'!G:AD,4,FALSE)),"") -> JZSP-UVA122-□-E | W10: =IFERROR(VLOOKUP(P10,'[4]SERVO CABLE'!G:AD,17,FALSE),"") -> JZSP-CVP27-□-E | Z10: =IF($Y10=1,$R$9,"") | AA10: =IF($Y10=2,$R$9,"") | AB10: =IF($Y10=3,$R$9,"") | AC10: =IF(MID($N9,5,1)<>"W",((700*700)/$Q10*1.509)/1000,"X") -> 0.49294 | AD10: =IF($AC10="X","X",IF($AC10<0.1,"X",IF($AC10<0.27,"IRV60",IF($AC10<0.91,"IRV80",IF($AC10<1.1,"IRV100",IF($AC10<1.3,"IRV120",IF($AC10<1.6,"IRV150",IF($AC10<2.2,"IRV200",IF($AC10<2.7,"IRV300",IF($AC10<4.3,"IRV400",IF($AC10<6.8,"IRV500","X"))))))))))) -> IRV80
A11: TR | D11: DR2108 | G11: SCT Main Glass Transfer1 X | H11: =E11&F11&" "&G11 -> SCT Main Glass Transfer1 X | I11: =IF(OR(LEFT(O11,3)="SGL",LEFT(O11,5)="SGMCS"),"LINEAR","Rotary") -> Rotary | J11: =IF(OR(RIGHT($H11,1)="Z",LEFT(RIGHT($H11,2),1)="Z",LEFT(RIGHT($H11,3),1)="Z"),"Z",IF(OR(RIGHT($H11,1)="X",LEFT(RIGHT($H11,2),1)="X",LEFT(RIGHT($H11,3),1)="X"),"X",IF(OR(RIGHT($H11,1)="Y",LEFT(RIGHT($H11,2),1)="Y",LEFT(RIGHT($H11,3),1)="Y"),"Y","T"))) -> X | K11: =VLOOKUP($D11,[4]회선정보!B:F,3,FALSE) -> 0 | L11: =VLOOKUP($D11,[4]회선정보!B:F,4,FALSE) -> 8 | M11: =VLOOKUP($D11,[4]회선정보!B:F,5,FALSE) -> MP1-1 | N11: SGD7S-2R8A20A | O11: SGM7J-04A7A21 | P11: =IFERROR(IF($I11="Rotary",LEFT($O11,9),$O11),"") -> SGM7J-04A | Q11: =IF(MID($N10,5,1)<>"W",VLOOKUP(N11,[4]정격용량!$B$3:$K$633,4,FALSE),"X") -> 400 | R11: =IF(MID(N10,5,1)<>"W",VLOOKUP(N11,[4]정격용량!$B$3:$K$633,3,FALSE),"X") -> 0.2 | S11: =IF(MID(N10,5,1)<>"W",VLOOKUP(N11,[4]정격용량!$B$3:$K$633,6,FALSE),"X") -> 2.5 | T11: =IF(MID($N10,5,1)<>"W",S11*$C$85,"X") -> 0.94565217 | U11: =IF(MID($N10,5,1)<>"W",VLOOKUP(N11,[4]정격용량!$B$3:$K$633,9,FALSE),"X") -> 3 | V11: =IFERROR(IF(J11="Z",VLOOKUP(P11,'[4]SERVO CABLE'!G:AD,8,FALSE),VLOOKUP(P11,'[4]SERVO CABLE'!G:AD,4,FALSE)),"") -> JZSP-C7M22F-□-E | W11: =IFERROR(VLOOKUP(P11,'[4]SERVO CABLE'!G:AD,17,FALSE),"") -> JZSP-C7PA2D-□-E | Y11: 2 | Z11: =IF($Y11=1,$R$9,"") | AA11: =IF($Y11=2,$R$9,"") -> 0.25 | AB11: =IF($Y11=3,$R$9,"") | AC11: =IF(MID($N10,5,1)<>"W",((700*700)/$Q11*1.509)/1000,"X") -> 1.848525 | AD11: =IF($AC11="X","X",IF($AC11<0.1,"X",IF($AC11<0.27,"IRV60",IF($AC11<0.91,"IRV80",IF($AC11<1.1,"IRV100",IF($AC11<1.3,"IRV120",IF($AC11<1.6,"IRV150",IF($AC11<2.2,"IRV200",IF($AC11<2.7,"IRV300",IF($AC11<4.3,"IRV400",IF($AC11<6.8,"IRV500","X"))))))))))) -> IRV200
A12: TR | D12: DR2109 | G12: SCT Main Glass Transfer1 Z-1 | H12: =E12&F12&" "&G12 -> SCT Main Glass Transfer1 Z-1 | I12: =IF(OR(LEFT(O12,3)="SGL",LEFT(O12,5)="SGMCS"),"LINEAR","Rotary") -> Rotary | J12: =IF(OR(RIGHT($H12,1)="Z",LEFT(RIGHT($H12,2),1)="Z",LEFT(RIGHT($H12,3),1)="Z"),"Z",IF(OR(RIGHT($H12,1)="X",LEFT(RIGHT($H12,2),1)="X",LEFT(RIGHT($H12,3),1)="X"),"X",IF(OR(RIGHT($H12,1)="Y",LEFT(RIGHT($H12,2),1)="Y",LEFT(RIGHT($H12,3),1)="Y"),"Y","T"))) -> Z | K12: =VLOOKUP($D12,[4]회선정보!B:F,3,FALSE) -> 0 | L12: =VLOOKUP($D12,[4]회선정보!B:F,4,FALSE) -> 9 | M12: =VLOOKUP($D12,[4]회선정보!B:F,5,FALSE) -> MP1-1 | N12: SGD7W-5R5A20A | O12: SGM7J-08A7A2C | P12: =IFERROR(IF($I12="Rotary",LEFT($O12,9),$O12),"") -> SGM7J-08A | Q12: =IF(MID($N11,5,1)<>"W",VLOOKUP(N12,[4]정격용량!$B$3:$K$633,4,FALSE),"X") -> 1500 | R12: =IF(MID(N11,5,1)<>"W",VLOOKUP(N12,[4]정격용량!$B$3:$K$633,3,FALSE),"X") -> 0.3 | S12: =IF(MID(N11,5,1)<>"W",VLOOKUP(N12,[4]정격용량!$B$3:$K$633,6,FALSE),"X") -> 7.8 | T12: =IF(MID($N11,5,1)<>"W",S12*$C$85,"X") -> 2.9504348 | U12: =IF(MID($N11,5,1)<>"W",VLOOKUP(N12,[4]정격용량!$B$3:$K$633,9,FALSE),"X") -> 10 | V12: =IFERROR(IF(J12="Z",VLOOKUP(P12,'[4]SERVO CABLE'!G:AD,8,FALSE),VLOOKUP(P12,'[4]SERVO CABLE'!G:AD,4,FALSE)),"") -> JZSP-C7M34F-□-E | W12: =IFERROR(VLOOKUP(P12,'[4]SERVO CABLE'!G:AD,17,FALSE),"") -> JZSP-C7PA2D-□-E | Z12: =IF($Y12=1,$R$9,"") | AA12: =IF($Y12=2,$R$9,"") | AB12: =IF($Y12=3,$R$9,"") | AC12: =IF(MID($N11,5,1)<>"W",((700*700)/$Q12*1.509)/1000,"X") -> 0.49294 | AD12: =IF($AC12="X","X",IF($AC12<0.1,"X",IF($AC12<0.27,"IRV60",IF($AC12<0.91,"IRV80",IF($AC12<1.1,"IRV100",IF($AC12<1.3,"IRV120",IF($AC12<1.6,"IRV150",IF($AC12<2.2,"IRV200",IF($AC12<2.7,"IRV300",IF($AC12<4.3,"IRV400",IF($AC12<6.8,"IRV500","X"))))))))))) -> IRV80
A13: TR | D13: DR210A | G13: SCT Main Glass Transfer1 Z-2 | H13: =E13&F13&" "&G13 -> SCT Main Glass Transfer1 Z-2 | I13: =IF(OR(LEFT(O13,3)="SGL",LEFT(O13,5)="SGMCS"),"LINEAR","Rotary") -> Rotary | J13: =IF(OR(RIGHT($H13,1)="Z",LEFT(RIGHT($H13,2),1)="Z",LEFT(RIGHT($H13,3),1)="Z"),"Z",IF(OR(RIGHT($H13,1)="X",LEFT(RIGHT($H13,2),1)="X",LEFT(RIGHT($H13,3),1)="X"),"X",IF(OR(RIGHT($H13,1)="Y",LEFT(RIGHT($H13,2),1)="Y",LEFT(RIGHT($H13,3),1)="Y"),"Y","T"))) -> Z | K13: =VLOOKUP($D13,[4]회선정보!B:F,3,FALSE) -> 0 | L13: =VLOOKUP($D13,[4]회선정보!B:F,4,FALSE) -> A | M13: =VLOOKUP($D13,[4]회선정보!B:F,5,FALSE) -> MP1-1 | O13: SGM7J-08A7A2C | P13: =IFERROR(IF($I13="Rotary",LEFT($O13,9),$O13),"") -> SGM7J-08A | Q13: =IF(MID($N12,5,1)<>"W",VLOOKUP(N13,[4]정격용량!$B$3:$K$633,4,FALSE),"X") -> X | R13: =IF(MID(N12,5,1)<>"W",VLOOKUP(N13,[4]정격용량!$B$3:$K$633,3,FALSE),"X") -> X | S13: =IF(MID(N12,5,1)<>"W",VLOOKUP(N13,[4]정격용량!$B$3:$K$633,6,FALSE),"X") -> X | T13: =IF(MID($N12,5,1)<>"W",S13*$C$85,"X") -> X | U13: =IF(MID($N12,5,1)<>"W",VLOOKUP(N13,[4]정격용량!$B$3:$K$633,9,FALSE),"X") -> X | V13: =IFERROR(IF(J13="Z",VLOOKUP(P13,'[4]SERVO CABLE'!G:AD,8,FALSE),VLOOKUP(P13,'[4]SERVO CABLE'!G:AD,4,FALSE)),"") -> JZSP-C7M34F-□-E | W13: =IFERROR(VLOOKUP(P13,'[4]SERVO CABLE'!G:AD,17,FALSE),"") -> JZSP-C7PA2D-□-E | Y13: 3 | Z13: =IF($Y13=1,$R$9,"") | AA13: =IF($Y13=2,$R$9,"") | AB13: =IF($Y13=3,$R$9,"") -> 0.25 | AC13: =IF(MID($N12,5,1)<>"W",((700*700)/$Q13*1.509)/1000,"X") -> X | AD13: =IF($AC13="X","X",IF($AC13<0.1,"X",IF($AC13<0.27,"IRV60",IF($AC13<0.91,"IRV80",IF($AC13<1.1,"IRV100",IF($AC13<1.3,"IRV120",IF($AC13<1.6,"IRV150",IF($AC13<2.2,"IRV200",IF($AC13<2.7,"IRV300",IF($AC13<4.3,"IRV400",IF($AC13<6.8,"IRV500","X"))))))))))) -> X
A14: TR | D14: DR210B | G14: SCT Main Glass Transfer1 T | H14: =E14&F14&" "&G14 -> SCT Main Glass Transfer1 T | I14: =IF(OR(LEFT(O14,3)="SGL",LEFT(O14,5)="SGMCS"),"LINEAR","Rotary") -> Rotary | J14: =IF(OR(RIGHT($H14,1)="Z",LEFT(RIGHT($H14,2),1)="Z",LEFT(RIGHT($H14,3),1)="Z"),"Z",IF(OR(RIGHT($H14,1)="X",LEFT(RIGHT($H14,2),1)="X",LEFT(RIGHT($H14,3),1)="X"),"X",IF(OR(RIGHT($H14,1)="Y",LEFT(RIGHT($H14,2),1)="Y",LEFT(RIGHT($H14,3),1)="Y"),"Y","T"))) -> T | K14: =VLOOKUP($D14,[4]회선정보!B:F,3,FALSE) -> 0 | L14: =VLOOKUP($D14,[4]회선정보!B:F,4,FALSE) -> B | M14: =VLOOKUP($D14,[4]회선정보!B:F,5,FALSE) -> MP1-1 | N14: VPH 3.3KW(Mechatrolink3) NCR-HE2332A-A-000 | O14: ND400-95LSP (ABS) NMR-SUFJA2A-322AP | P14: =IFERROR(IF($I14="Rotary",LEFT($O14,9),$O14),"") -> ND400-95L | Q14: =IF(MID($N13,5,1)<>"W",VLOOKUP(N14,[4]정격용량!$B$3:$K$633,4,FALSE),"X") -> 3300 | R14: =IF(MID(N13,5,1)<>"W",VLOOKUP(N14,[4]정격용량!$B$3:$K$633,3,FALSE),"X") -> 0.18 | S14: =IF(MID(N13,5,1)<>"W",VLOOKUP(N14,[4]정격용량!$B$3:$K$633,6,FALSE),"X") -> 17 | T14: =IF(MID($N13,5,1)<>"W",S14*$C$85,"X") -> 6.4304348 | U14: =IF(MID($N13,5,1)<>"W",VLOOKUP(N14,[4]정격용량!$B$3:$K$633,9,FALSE),"X") -> 0 | V14: =IFERROR(IF(J14="Z",VLOOKUP(P14,'[4]SERVO CABLE'!G:AD,8,FALSE),VLOOKUP(P14,'[4]SERVO CABLE'!G:AD,4,FALSE)),"") -> NCR-XBBEA-150 | W14: =IFERROR(VLOOKUP(P14,'[4]SERVO CABLE'!G:AD,17,FALSE),"") -> NCR-XBGGA-150 | Z14: =IF($Y14=1,$R$9,"") | AA14: =IF($Y14=2,$R$9,"") | AB14: =IF($Y14=3,$R$9,"") | AC14: =IF(MID($N13,5,1)<>"W",((700*700)/$Q14*1.509)/1000,"X") -> 0.22406364 | AD14: =IF($AC14="X","X",IF($AC14<0.1,"X",IF($AC14<0.27,"IRV60",IF($AC14<0.91,"IRV80",IF($AC14<1.1,"IRV100",IF($AC14<1.3,"IRV120",IF($AC14<1.6,"IRV150",IF($AC14<2.2,"IRV200",IF($AC14<2.7,"IRV300",IF($AC14<4.3,"IRV400",IF($AC14<6.8,"IRV500","X"))))))))))) -> IRV60
A15: TR | D15: DR210D | G15: SCT Main Glass PreAlign Left X | H15: =E15&F15&" "&G15 -> SCT Main Glass PreAlign Left X | I15: =IF(OR(LEFT(O15,3)="SGL",LEFT(O15,5)="SGMCS"),"LINEAR","Rotary") -> Rotary | J15: =IF(OR(RIGHT($H15,1)="Z",LEFT(RIGHT($H15,2),1)="Z",LEFT(RIGHT($H15,3),1)="Z"),"Z",IF(OR(RIGHT($H15,1)="X",LEFT(RIGHT($H15,2),1)="X",LEFT(RIGHT($H15,3),1)="X"),"X",IF(OR(RIGHT($H15,1)="Y",LEFT(RIGHT($H15,2),1)="Y",LEFT(RIGHT($H15,3),1)="Y"),"Y","T"))) -> X | K15: =VLOOKUP($D15,[4]회선정보!B:F,3,FALSE) -> 0 | L15: =VLOOKUP($D15,[4]회선정보!B:F,4,FALSE) -> D | M15: =VLOOKUP($D15,[4]회선정보!B:F,5,FALSE) -> MP1-1 | N15: SGD7W-1R6A20A | O15: SGM7J-01A7A21 | P15: =IFERROR(IF($I15="Rotary",LEFT($O15,9),$O15),"") -> SGM7J-01A | Q15: =IF(MID($N14,5,1)<>"W",VLOOKUP(N15,[4]정격용량!$B$3:$K$633,4,FALSE),"X") -> 400 | R15: =IF(MID(N14,5,1)<>"W",VLOOKUP(N15,[4]정격용량!$B$3:$K$633,3,FALSE),"X") -> 0.3 | S15: =IF(MID(N14,5,1)<>"W",VLOOKUP(N15,[4]정격용량!$B$3:$K$633,6,FALSE),"X") -> 2.5 | T15: =IF(MID($N14,5,1)<>"W",S15*$C$85,"X") -> 0.94565217 | U15: =IF(MID($N14,5,1)<>"W",VLOOKUP(N15,[4]정격용량!$B$3:$K$633,9,FALSE),"X") -> 3 | V15: =IFERROR(IF(J15="Z",VLOOKUP(P15,'[4]SERVO CABLE'!G:AD,8,FALSE),VLOOKUP(P15,'[4]SERVO CABLE'!G:AD,4,FALSE)),"") -> JZSP-C7M12F-□-E | W15: =IFERROR(VLOOKUP(P15,'[4]SERVO CABLE'!G:AD,17,FALSE),"") -> JZSP-C7PA2D-□-E | Y15: 1 | Z15: =IF($Y15=1,$R$9,"") -> 0.25 | AA15: =IF($Y15=2,$R$9,"") | AB15: =IF($Y15=3,$R$9,"") | AC15: =IF(MID($N14,5,1)<>"W",((700*700)/$Q15*1.509)/1000,"X") -> 1.848525 | AD15: =IF($AC15="X","X",IF($AC15<0.1,"X",IF($AC15<0.27,"IRV60",IF($AC15<0.91,"IRV80",IF($AC15<1.1,"IRV100",IF($AC15<1.3,"IRV120",IF($AC15<1.6,"IRV150",IF($AC15<2.2,"IRV200",IF($AC15<2.7,"IRV300",IF($AC15<4.3,"IRV400",IF($AC15<6.8,"IRV500","X"))))))))))) -> IRV200
A16: SC | D16: DR210E | G16: SCT Main Glass PreAlign Right X | H16: =E16&F16&" "&G16 -> SCT Main Glass PreAlign Right X | I16: =IF(OR(LEFT(O16,3)="SGL",LEFT(O16,5)="SGMCS"),"LINEAR","Rotary") -> Rotary | J16: =IF(OR(RIGHT($H16,1)="Z",LEFT(RIGHT($H16,2),1)="Z",LEFT(RIGHT($H16,3),1)="Z"),"Z",IF(OR(RIGHT($H16,1)="X",LEFT(RIGHT($H16,2),1)="X",LEFT(RIGHT($H16,3),1)="X"),"X",IF(OR(RIGHT($H16,1)="Y",LEFT(RIGHT($H16,2),1)="Y",LEFT(RIGHT($H16,3),1)="Y"),"Y","T"))) -> X | K16: =VLOOKUP($D16,[4]회선정보!B:F,3,FALSE) -> 0 | L16: =VLOOKUP($D16,[4]회선정보!B:F,4,FALSE) -> E | M16: =VLOOKUP($D16,[4]회선정보!B:F,5,FALSE) -> MP1-1 | O16: SGM7J-01A7A21 | P16: =IFERROR(IF($I16="Rotary",LEFT($O16,9),$O16),"") -> SGM7J-01A | Q16: =IF(MID($N15,5,1)<>"W",VLOOKUP(N16,[4]정격용량!$B$3:$K$633,4,FALSE),"X") -> X | R16: =IF(MID(N15,5,1)<>"W",VLOOKUP(N16,[4]정격용량!$B$3:$K$633,3,FALSE),"X") -> X | S16: =IF(MID(N15,5,1)<>"W",VLOOKUP(N16,[4]정격용량!$B$3:$K$633,6,FALSE),"X") -> X | T16: =IF(MID($N15,5,1)<>"W",S16*$C$85,"X") -> X | U16: =IF(MID($N15,5,1)<>"W",VLOOKUP(N16,[4]정격용량!$B$3:$K$633,9,FALSE),"X") -> X | V16: =IFERROR(IF(J16="Z",VLOOKUP(P16,'[4]SERVO CABLE'!G:AD,8,FALSE),VLOOKUP(P16,'[4]SERVO CABLE'!G:AD,4,FALSE)),"") -> JZSP-C7M12F-□-E | W16: =IFERROR(VLOOKUP(P16,'[4]SERVO CABLE'!G:AD,17,FALSE),"") -> JZSP-C7PA2D-□-E | Y16: 2 | Z16: =IF($Y16=1,$R$9,"") | AA16: =IF($Y16=2,$R$9,"") -> 0.25 | AB16: =IF($Y16=3,$R$9,"") | AC16: =IF(MID($N15,5,1)<>"W",((700*700)/$Q16*1.509)/1000,"X") -> X | AD16: =IF($AC16="X","X",IF($AC16<0.1,"X",IF($AC16<0.27,"IRV60",IF($AC16<0.91,"IRV80",IF($AC16<1.1,"IRV100",IF($AC16<1.3,"IRV120",IF($AC16<1.6,"IRV150",IF($AC16<2.2,"IRV200",IF($AC16<2.7,"IRV300",IF($AC16<4.3,"IRV400",IF($AC16<6.8,"IRV500","X"))))))))))) -> X
A17: SC | D17: DR210F | G17: SCT Main Glass MCR X | H17: =E17&F17&" "&G17 -> SCT Main Glass MCR X | I17: =IF(OR(LEFT(O17,3)="SGL",LEFT(O17,5)="SGMCS"),"LINEAR","Rotary") -> Rotary | J17: =IF(OR(RIGHT($H17,1)="Z",LEFT(RIGHT($H17,2),1)="Z",LEFT(RIGHT($H17,3),1)="Z"),"Z",IF(OR(RIGHT($H17,1)="X",LEFT(RIGHT($H17,2),1)="X",LEFT(RIGHT($H17,3),1)="X"),"X",IF(OR(RIGHT($H17,1)="Y",LEFT(RIGHT($H17,2),1)="Y",LEFT(RIGHT($H17,3),1)="Y"),"Y","T"))) -> X | K17: =VLOOKUP($D17,[4]회선정보!B:F,3,FALSE) -> 0 | L17: =VLOOKUP($D17,[4]회선정보!B:F,4,FALSE) -> F | M17: =VLOOKUP($D17,[4]회선정보!B:F,5,FALSE) -> MP1-1 | N17: SGD7S-5R5A20A | O17: SGM7J-08A7A21 | P17: =IFERROR(IF($I17="Rotary",LEFT($O17,9),$O17),"") -> SGM7J-08A | Q17: =IF(MID($N16,5,1)<>"W",VLOOKUP(N17,[4]정격용량!$B$3:$K$633,4,FALSE),"X") -> 750 | R17: =IF(MID(N16,5,1)<>"W",VLOOKUP(N17,[4]정격용량!$B$3:$K$633,3,FALSE),"X") -> 0.2 | S17: =IF(MID(N16,5,1)<>"W",VLOOKUP(N17,[4]정격용량!$B$3:$K$633,6,FALSE),"X") -> 4.1 | T17: =IF(MID($N16,5,1)<>"W",S17*$C$85,"X") -> 1.5508696 | U17: =IF(MID($N16,5,1)<>"W",VLOOKUP(N17,[4]정격용량!$B$3:$K$633,9,FALSE),"X") -> 5 | V17: =IFERROR(IF(J17="Z",VLOOKUP(P17,'[4]SERVO CABLE'!G:AD,8,FALSE),VLOOKUP(P17,'[4]SERVO CABLE'!G:AD,4,FALSE)),"") -> JZSP-C7M32F-□-E | W17: =IFERROR(VLOOKUP(P17,'[4]SERVO CABLE'!G:AD,17,FALSE),"") -> JZSP-C7PA2D-□-E | Y17: 3 | Z17: =IF($Y17=1,$R$9,"") | AA17: =IF($Y17=2,$R$9,"") | AB17: =IF($Y17=3,$R$9,"") -> 0.25 | AC17: =IF(MID($N16,5,1)<>"W",((700*700)/$Q17*1.509)/1000,"X") -> 0.98588 | AD17: =IF($AC17="X","X",IF($AC17<0.1,"X",IF($AC17<0.27,"IRV60",IF($AC17<0.91,"IRV80",IF($AC17<1.1,"IRV100",IF($AC17<1.3,"IRV120",IF($AC17<1.6,"IRV150",IF($AC17<2.2,"IRV200",IF($AC17<2.7,"IRV300",IF($AC17<4.3,"IRV400",IF($AC17<6.8,"IRV500","X"))))))))))) -> IRV100
A18: TR | D18: DR2113 | G18: SCT Stick Transfer1 Y-1 | H18: =E18&F18&" "&G18 -> SCT Stick Transfer1 Y-1 | I18: =IF(OR(LEFT(O18,3)="SGL",LEFT(O18,5)="SGMCS"),"LINEAR","Rotary") -> Rotary | J18: =IF(OR(RIGHT($H18,1)="Z",LEFT(RIGHT($H18,2),1)="Z",LEFT(RIGHT($H18,3),1)="Z"),"Z",IF(OR(RIGHT($H18,1)="X",LEFT(RIGHT($H18,2),1)="X",LEFT(RIGHT($H18,3),1)="X"),"X",IF(OR(RIGHT($H18,1)="Y",LEFT(RIGHT($H18,2),1)="Y",LEFT(RIGHT($H18,3),1)="Y"),"Y","T"))) -> Y | K18: =VLOOKUP($D18,[4]회선정보!B:F,3,FALSE) -> 1 | L18: =VLOOKUP($D18,[4]회선정보!B:F,4,FALSE) -> 3 | M18: =VLOOKUP($D18,[4]회선정보!B:F,5,FALSE) -> MP1-2 | N18: SGD7W-7R6A20A | O18: SGM7G-09A7D61 | P18: =IFERROR(IF($I18="Rotary",LEFT($O18,9),$O18),"") -> SGM7G-09A | Q18: =IF(MID($N17,5,1)<>"W",VLOOKUP(N18,[4]정격용량!$B$3:$K$633,4,FALSE),"X") -> 2000 | R18: =IF(MID(N17,5,1)<>"W",VLOOKUP(N18,[4]정격용량!$B$3:$K$633,3,FALSE),"X") -> 0.3 | S18: =IF(MID(N17,5,1)<>"W",VLOOKUP(N18,[4]정격용량!$B$3:$K$633,6,FALSE),"X") -> 11 | T18: =IF(MID($N17,5,1)<>"W",S18*$C$85,"X") -> 4.1608696 | U18: =IF(MID($N17,5,1)<>"W",VLOOKUP(N18,[4]정격용량!$B$3:$K$633,9,FALSE),"X") -> 15 | V18: =IFERROR(IF(J18="Z",VLOOKUP(P18,'[4]SERVO CABLE'!G:AD,8,FALSE),VLOOKUP(P18,'[4]SERVO CABLE'!G:AD,4,FALSE)),"") -> JZSP-UVA122-□-E | W18: =IFERROR(VLOOKUP(P18,'[4]SERVO CABLE'!G:AD,17,FALSE),"") -> JZSP-CVP27-□-E | Y18: 1 | Z18: =IF($Y18=1,$R$9,"") -> 0.25 | AA18: =IF($Y18=2,$R$9,"") | AB18: =IF($Y18=3,$R$9,"") | AC18: =IF(MID($N17,5,1)<>"W",((700*700)/$Q18*1.509)/1000,"X") -> 0.369705 | AD18: =IF($AC18="X","X",IF($AC18<0.1,"X",IF($AC18<0.27,"IRV60",IF($AC18<0.91,"IRV80",IF($AC18<1.1,"IRV100",IF($AC18<1.3,"IRV120",IF($AC18<1.6,"IRV150",IF($AC18<2.2,"IRV200",IF($AC18<2.7,"IRV300",IF($AC18<4.3,"IRV400",IF($AC18<6.8,"IRV500","X"))))))))))) -> IRV80
A19: TR | D19: DR2114 | G19: SCT Stick Transfer1 Y-2 | H19: =E19&F19&" "&G19 -> SCT Stick Transfer1 Y-2 | I19: =IF(OR(LEFT(O19,3)="SGL",LEFT(O19,5)="SGMCS"),"LINEAR","Rotary") -> Rotary | J19: =IF(OR(RIGHT($H19,1)="Z",LEFT(RIGHT($H19,2),1)="Z",LEFT(RIGHT($H19,3),1)="Z"),"Z",IF(OR(RIGHT($H19,1)="X",LEFT(RIGHT($H19,2),1)="X",LEFT(RIGHT($H19,3),1)="X"),"X",IF(OR(RIGHT($H19,1)="Y",LEFT(RIGHT($H19,2),1)="Y",LEFT(RIGHT($H19,3),1)="Y"),"Y","T"))) -> Y | K19: =VLOOKUP($D19,[4]회선정보!B:F,3,FALSE) -> 1 | L19: =VLOOKUP($D19,[4]회선정보!B:F,4,FALSE) -> 4 | M19: =VLOOKUP($D19,[4]회선정보!B:F,5,FALSE) -> MP1-2 | O19: SGM7G-09A7D61 | P19: =IFERROR(IF($I19="Rotary",LEFT($O19,9),$O19),"") -> SGM7G-09A | Q19: =IF(MID($N18,5,1)<>"W",VLOOKUP(N19,[4]정격용량!$B$3:$K$633,4,FALSE),"X") -> X | R19: =IF(MID(N18,5,1)<>"W",VLOOKUP(N19,[4]정격용량!$B$3:$K$633,3,FALSE),"X") -> X | S19: =IF(MID(N18,5,1)<>"W",VLOOKUP(N19,[4]정격용량!$B$3:$K$633,6,FALSE),"X") -> X | T19: =IF(MID($N18,5,1)<>"W",S19*$C$85,"X") -> X | U19: =IF(MID($N18,5,1)<>"W",VLOOKUP(N19,[4]정격용량!$B$3:$K$633,9,FALSE),"X") -> X | V19: =IFERROR(IF(J19="Z",VLOOKUP(P19,'[4]SERVO CABLE'!G:AD,8,FALSE),VLOOKUP(P19,'[4]SERVO CABLE'!G:AD,4,FALSE)),"") -> JZSP-UVA122-□-E | W19: =IFERROR(VLOOKUP(P19,'[4]SERVO CABLE'!G:AD,17,FALSE),"") -> JZSP-CVP27-□-E | Z19: =IF($Y19=1,$R$9,"") | AA19: =IF($Y19=2,$R$9,"") | AB19: =IF($Y19=3,$R$9,"") | AC19: =IF(MID($N18,5,1)<>"W",((700*700)/$Q19*1.509)/1000,"X") -> X | AD19: =IF($AC19="X","X",IF($AC19<0.1,"X",IF($AC19<0.27,"IRV60",IF($AC19<0.91,"IRV80",IF($AC19<1.1,"IRV100",IF($AC19<1.3,"IRV120",IF($AC19<1.6,"IRV150",IF($AC19<2.2,"IRV200",IF($AC19<2.7,"IRV300",IF($AC19<4.3,"IRV400",IF($AC19<6.8,"IRV500","X"))))))))))) -> X
A20: TR | D20: DR2115 | G20: SCT Stick Transfer1 Z-1 | H20: =E20&F20&" "&G20 -> SCT Stick Transfer1 Z-1 | I20: =IF(OR(LEFT(O20,3)="SGL",LEFT(O20,5)="SGMCS"),"LINEAR","Rotary") -> Rotary | J20: =IF(OR(RIGHT($H20,1)="Z",LEFT(RIGHT($H20,2),1)="Z",LEFT(RIGHT($H20,3),1)="Z"),"Z",IF(OR(RIGHT($H20,1)="X",LEFT(RIGHT($H20,2),1)="X",LEFT(RIGHT($H20,3),1)="X"),"X",IF(OR(RIGHT($H20,1)="Y",LEFT(RIGHT($H20,2),1)="Y",LEFT(RIGHT($H20,3),1)="Y"),"Y","T"))) -> Z | K20: =VLOOKUP($D20,[4]회선정보!B:F,3,FALSE) -> 1 | L20: =VLOOKUP($D20,[4]회선정보!B:F,4,FALSE) -> 5 | M20: =VLOOKUP($D20,[4]회선정보!B:F,5,FALSE) -> MP1-2 | N20: SGD7W-5R5A20A | O20: SGM7J-08A7A2C | P20: =IFERROR(IF($I20="Rotary",LEFT($O20,9),$O20),"") -> SGM7J-08A | Q20: =IF(MID($N19,5,1)<>"W",VLOOKUP(N20,[4]정격용량!$B$3:$K$633,4,FALSE),"X") -> 1500 | R20: =IF(MID(N19,5,1)<>"W",VLOOKUP(N20,[4]정격용량!$B$3:$K$633,3,FALSE),"X") -> 0.3 | S20: =IF(MID(N19,5,1)<>"W",VLOOKUP(N20,[4]정격용량!$B$3:$K$633,6,FALSE),"X") -> 7.8 | T20: =IF(MID($N19,5,1)<>"W",S20*$C$85,"X") -> 2.9504348 | U20: =IF(MID($N19,5,1)<>"W",VLOOKUP(N20,[4]정격용량!$B$3:$K$633,9,FALSE),"X") -> 10 | V20: =IFERROR(IF(J20="Z",VLOOKUP(P20,'[4]SERVO CABLE'!G:AD,8,FALSE),VLOOKUP(P20,'[4]SERVO CABLE'!G:AD,4,FALSE)),"") -> JZSP-C7M34F-□-E | W20: =IFERROR(VLOOKUP(P20,'[4]SERVO CABLE'!G:AD,17,FALSE),"") -> JZSP-C7PA2D-□-E | Y20: 2 | Z20: =IF($Y20=1,$R$9,"") | AA20: =IF($Y20=2,$R$9,"") -> 0.25 | AB20: =IF($Y20=3,$R$9,"") | AC20: =IF(MID($N19,5,1)<>"W",((700*700)/$Q20*1.509)/1000,"X") -> 0.49294 | AD20: =IF($AC20="X","X",IF($AC20<0.1,"X",IF($AC20<0.27,"IRV60",IF($AC20<0.91,"IRV80",IF($AC20<1.1,"IRV100",IF($AC20<1.3,"IRV120",IF($AC20<1.6,"IRV150",IF($AC20<2.2,"IRV200",IF($AC20<2.7,"IRV300",IF($AC20<4.3,"IRV400",IF($AC20<6.8,"IRV500","X"))))))))))) -> IRV80
A21: TR | D21: DR2116 | G21: SCT Stick Transfer1 Z-2 | H21: =E21&F21&" "&G21 -> SCT Stick Transfer1 Z-2 | I21: =IF(OR(LEFT(O21,3)="SGL",LEFT(O21,5)="SGMCS"),"LINEAR","Rotary") -> Rotary | J21: =IF(OR(RIGHT($H21,1)="Z",LEFT(RIGHT($H21,2),1)="Z",LEFT(RIGHT($H21,3),1)="Z"),"Z",IF(OR(RIGHT($H21,1)="X",LEFT(RIGHT($H21,2),1)="X",LEFT(RIGHT($H21,3),1)="X"),"X",IF(OR(RIGHT($H21,1)="Y",LEFT(RIGHT($H21,2),1)="Y",LEFT(RIGHT($H21,3),1)="Y"),"Y","T"))) -> Z | K21: =VLOOKUP($D21,[4]회선정보!B:F,3,FALSE) -> 1 | L21: =VLOOKUP($D21,[4]회선정보!B:F,4,FALSE) -> 6 | M21: =VLOOKUP($D21,[4]회선정보!B:F,5,FALSE) -> MP1-2 | O21: SGM7J-08A7A2C | P21: =IFERROR(IF($I21="Rotary",LEFT($O21,9),$O21),"") -> SGM7J-08A | Q21: =IF(MID($N20,5,1)<>"W",VLOOKUP(N21,[4]정격용량!$B$3:$K$633,4,FALSE),"X") -> X | R21: =IF(MID(N20,5,1)<>"W",VLOOKUP(N21,[4]정격용량!$B$3:$K$633,3,FALSE),"X") -> X | S21: =IF(MID(N20,5,1)<>"W",VLOOKUP(N21,[4]정격용량!$B$3:$K$633,6,FALSE),"X") -> X | T21: =IF(MID($N20,5,1)<>"W",S21*$C$85,"X") -> X | U21: =IF(MID($N20,5,1)<>"W",VLOOKUP(N21,[4]정격용량!$B$3:$K$633,9,FALSE),"X") -> X | V21: =IFERROR(IF(J21="Z",VLOOKUP(P21,'[4]SERVO CABLE'!G:AD,8,FALSE),VLOOKUP(P21,'[4]SERVO CABLE'!G:AD,4,FALSE)),"") -> JZSP-C7M34F-□-E | W21: =IFERROR(VLOOKUP(P21,'[4]SERVO CABLE'!G:AD,17,FALSE),"") -> JZSP-C7PA2D-□-E | Y21: 3 | Z21: =IF($Y21=1,$R$9,"") | AA21: =IF($Y21=2,$R$9,"") | AB21: =IF($Y21=3,$R$9,"") -> 0.25 | AC21: =IF(MID($N20,5,1)<>"W",((700*700)/$Q21*1.509)/1000,"X") -> X | AD21: =IF($AC21="X","X",IF($AC21<0.1,"X",IF($AC21<0.27,"IRV60",IF($AC21<0.91,"IRV80",IF($AC21<1.1,"IRV100",IF($AC21<1.3,"IRV120",IF($AC21<1.6,"IRV150",IF($AC21<2.2,"IRV200",IF($AC21<2.7,"IRV300",IF($AC21<4.3,"IRV400",IF($AC21<6.8,"IRV500","X"))))))))))) -> X
A22: TR | D22: DR2118 | G22: SCT Stick Buffer Table Y | H22: =E22&F22&" "&G22 -> SCT Stick Buffer Table Y | I22: =IF(OR(LEFT(O22,3)="SGL",LEFT(O22,5)="SGMCS"),"LINEAR","Rotary") -> Rotary | J22: =IF(OR(RIGHT($H22,1)="Z",LEFT(RIGHT($H22,2),1)="Z",LEFT(RIGHT($H22,3),1)="Z"),"Z",IF(OR(RIGHT($H22,1)="X",LEFT(RIGHT($H22,2),1)="X",LEFT(RIGHT($H22,3),1)="X"),"X",IF(OR(RIGHT($H22,1)="Y",LEFT(RIGHT($H22,2),1)="Y",LEFT(RIGHT($H22,3),1)="Y"),"Y","T"))) -> Y | K22: =VLOOKUP($D22,[4]회선정보!B:F,3,FALSE) -> 1 | L22: =VLOOKUP($D22,[4]회선정보!B:F,4,FALSE) -> 8 | M22: =VLOOKUP($D22,[4]회선정보!B:F,5,FALSE) -> MP1-2 | N22: SGD7S-7R6A20A | O22: SGM7G-09A7D61 | P22: =IFERROR(IF($I22="Rotary",LEFT($O22,9),$O22),"") -> SGM7G-09A | Q22: =IF(MID($N21,5,1)<>"W",VLOOKUP(N22,[4]정격용량!$B$3:$K$633,4,FALSE),"X") -> 1000 | R22: =IF(MID(N21,5,1)<>"W",VLOOKUP(N22,[4]정격용량!$B$3:$K$633,3,FALSE),"X") -> 0.2 | S22: =IF(MID(N21,5,1)<>"W",VLOOKUP(N22,[4]정격용량!$B$3:$K$633,6,FALSE),"X") -> 5.7 | T22: =IF(MID($N21,5,1)<>"W",S22*$C$85,"X") -> 2.156087 | U22: =IF(MID($N21,5,1)<>"W",VLOOKUP(N22,[4]정격용량!$B$3:$K$633,9,FALSE),"X") -> 7 | V22: =IFERROR(IF(J22="Z",VLOOKUP(P22,'[4]SERVO CABLE'!G:AD,8,FALSE),VLOOKUP(P22,'[4]SERVO CABLE'!G:AD,4,FALSE)),"") -> JZSP-UVA122-□-E | W22: =IFERROR(VLOOKUP(P22,'[4]SERVO CABLE'!G:AD,17,FALSE),"") -> JZSP-CVP27-□-E | Z22: =IF($Y22=1,$R$9,"") | AA22: =IF($Y22=2,$R$9,"") | AB22: =IF($Y22=3,$R$9,"") | AC22: =IF(MID($N21,5,1)<>"W",((700*700)/$Q22*1.509)/1000,"X") -> 0.73941 | AD22: =IF($AC22="X","X",IF($AC22<0.1,"X",IF($AC22<0.27,"IRV60",IF($AC22<0.91,"IRV80",IF($AC22<1.1,"IRV100",IF($AC22<1.3,"IRV120",IF($AC22<1.6,"IRV150",IF($AC22<2.2,"IRV200",IF($AC22<2.7,"IRV300",IF($AC22<4.3,"IRV400",IF($AC22<6.8,"IRV500","X"))))))))))) -> IRV80
A23: TR | D23: DR2119 | G23: SCT Stick Buffer Table T | H23: =E23&F23&" "&G23 -> SCT Stick Buffer Table T | I23: =IF(OR(LEFT(O23,3)="SGL",LEFT(O23,5)="SGMCS"),"LINEAR","Rotary") -> Rotary | J23: =IF(OR(RIGHT($H23,1)="Z",LEFT(RIGHT($H23,2),1)="Z",LEFT(RIGHT($H23,3),1)="Z"),"Z",IF(OR(RIGHT($H23,1)="X",LEFT(RIGHT($H23,2),1)="X",LEFT(RIGHT($H23,3),1)="X"),"X",IF(OR(RIGHT($H23,1)="Y",LEFT(RIGHT($H23,2),1)="Y",LEFT(RIGHT($H23,3),1)="Y"),"Y","T"))) -> T | K23: =VLOOKUP($D23,[4]회선정보!B:F,3,FALSE) -> 1 | L23: =VLOOKUP($D23,[4]회선정보!B:F,4,FALSE) -> 9 | M23: =VLOOKUP($D23,[4]회선정보!B:F,5,FALSE) -> MP1-2 | N23: VPH 2.2KW (Mechatrolink3) NCR-HE2222A-A-000 | O23: ND400-70LSP (ABS) NMR-SUEJA2A-182AP | P23: =IFERROR(IF($I23="Rotary",LEFT($O23,9),$O23),"") -> ND400-70L | Q23: =IF(MID($N22,5,1)<>"W",VLOOKUP(N23,[4]정격용량!$B$3:$K$633,4,FALSE),"X") -> 2200 | R23: =IF(MID(N22,5,1)<>"W",VLOOKUP(N23,[4]정격용량!$B$3:$K$633,3,FALSE),"X") -> 0.15 | S23: =IF(MID(N22,5,1)<>"W",VLOOKUP(N23,[4]정격용량!$B$3:$K$633,6,FALSE),"X") -> 13.5 | T23: =IF(MID($N22,5,1)<>"W",S23*$C$85,"X") -> 5.1065217 | U23: =IF(MID($N22,5,1)<>"W",VLOOKUP(N23,[4]정격용량!$B$3:$K$633,9,FALSE),"X") -> 0 | V23: =IFERROR(IF(J23="Z",VLOOKUP(P23,'[4]SERVO CABLE'!G:AD,8,FALSE),VLOOKUP(P23,'[4]SERVO CABLE'!G:AD,4,FALSE)),"") -> NCR-XBBEA-150 | W23: =IFERROR(VLOOKUP(P23,'[4]SERVO CABLE'!G:AD,17,FALSE),"") -> NCR-XBGGA-150 | Z23: =IF($Y23=1,$R$9,"") | AA23: =IF($Y23=2,$R$9,"") | AB23: =IF($Y23=3,$R$9,"") | AC23: =IF(MID($N22,5,1)<>"W",((700*700)/$Q23*1.509)/1000,"X") -> 0.33609545 | AD23: =IF($AC23="X","X",IF($AC23<0.1,"X",IF($AC23<0.27,"IRV60",IF($AC23<0.91,"IRV80",IF($AC23<1.1,"IRV100",IF($AC23<1.3,"IRV120",IF($AC23<1.6,"IRV150",IF($AC23<2.2,"IRV200",IF($AC23<2.7,"IRV300",IF($AC23<4.3,"IRV400",IF($AC23<6.8,"IRV500","X"))))))))))) -> IRV80
A24: RE | D24: DR211B | G24: SCT Stick PreAlign Left X | H24: =E24&F24&" "&G24 -> SCT Stick PreAlign Left X | I24: =IF(OR(LEFT(O24,3)="SGL",LEFT(O24,5)="SGMCS"),"LINEAR","Rotary") -> Rotary | J24: =IF(OR(RIGHT($H24,1)="Z",LEFT(RIGHT($H24,2),1)="Z",LEFT(RIGHT($H24,3),1)="Z"),"Z",IF(OR(RIGHT($H24,1)="X",LEFT(RIGHT($H24,2),1)="X",LEFT(RIGHT($H24,3),1)="X"),"X",IF(OR(RIGHT($H24,1)="Y",LEFT(RIGHT($H24,2),1)="Y",LEFT(RIGHT($H24,3),1)="Y"),"Y","T"))) -> X | K24: =VLOOKUP($D24,[4]회선정보!B:F,3,FALSE) -> 1 | L24: =VLOOKUP($D24,[4]회선정보!B:F,4,FALSE) -> B | M24: =VLOOKUP($D24,[4]회선정보!B:F,5,FALSE) -> MP1-2 | N24: SGD7W-1R6A20A | O24: SGM7J-01A7A21 | P24: =IFERROR(IF($I24="Rotary",LEFT($O24,9),$O24),"") -> SGM7J-01A | Q24: =IF(MID($N23,5,1)<>"W",VLOOKUP(N24,[4]정격용량!$B$3:$K$633,4,FALSE),"X") -> 400 | R24: =IF(MID(N23,5,1)<>"W",VLOOKUP(N24,[4]정격용량!$B$3:$K$633,3,FALSE),"X") -> 0.3 | S24: =IF(MID(N23,5,1)<>"W",VLOOKUP(N24,[4]정격용량!$B$3:$K$633,6,FALSE),"X") -> 2.5 | T24: =IF(MID($N23,5,1)<>"W",S24*$C$85,"X") -> 0.94565217 | U24: =IF(MID($N23,5,1)<>"W",VLOOKUP(N24,[4]정격용량!$B$3:$K$633,9,FALSE),"X") -> 3 | V24: =IFERROR(IF(J24="Z",VLOOKUP(P24,'[4]SERVO CABLE'!G:AD,8,FALSE),VLOOKUP(P24,'[4]SERVO CABLE'!G:AD,4,FALSE)),"") -> JZSP-C7M12F-□-E | W24: =IFERROR(VLOOKUP(P24,'[4]SERVO CABLE'!G:AD,17,FALSE),"") -> JZSP-C7PA2D-□-E | Y24: 1 | Z24: =IF($Y24=1,$R$9,"") -> 0.25 | AA24: =IF($Y24=2,$R$9,"") | AB24: =IF($Y24=3,$R$9,"") | AC24: =IF(MID($N23,5,1)<>"W",((700*700)/$Q24*1.509)/1000,"X") -> 1.848525 | AD24: =IF($AC24="X","X",IF($AC24<0.1,"X",IF($AC24<0.27,"IRV60",IF($AC24<0.91,"IRV80",IF($AC24<1.1,"IRV100",IF($AC24<1.3,"IRV120",IF($AC24<1.6,"IRV150",IF($AC24<2.2,"IRV200",IF($AC24<2.7,"IRV300",IF($AC24<4.3,"IRV400",IF($AC24<6.8,"IRV500","X"))))))))))) -> IRV200
A25: RE | D25: DR211C | G25: SCT Stick PreAlign Right X | H25: =E25&F25&" "&G25 -> SCT Stick PreAlign Right X | I25: =IF(OR(LEFT(O25,3)="SGL",LEFT(O25,5)="SGMCS"),"LINEAR","Rotary") -> Rotary | J25: =IF(OR(RIGHT($H25,1)="Z",LEFT(RIGHT($H25,2),1)="Z",LEFT(RIGHT($H25,3),1)="Z"),"Z",IF(OR(RIGHT($H25,1)="X",LEFT(RIGHT($H25,2),1)="X",LEFT(RIGHT($H25,3),1)="X"),"X",IF(OR(RIGHT($H25,1)="Y",LEFT(RIGHT($H25,2),1)="Y",LEFT(RIGHT($H25,3),1)="Y"),"Y","T"))) -> X | K25: =VLOOKUP($D25,[4]회선정보!B:F,3,FALSE) -> 1 | L25: =VLOOKUP($D25,[4]회선정보!B:F,4,FALSE) -> C | M25: =VLOOKUP($D25,[4]회선정보!B:F,5,FALSE) -> MP1-2 | O25: SGM7J-01A7A21 | P25: =IFERROR(IF($I25="Rotary",LEFT($O25,9),$O25),"") -> SGM7J-01A | Q25: =IF(MID($N24,5,1)<>"W",VLOOKUP(N25,[4]정격용량!$B$3:$K$633,4,FALSE),"X") -> X | R25: =IF(MID(N24,5,1)<>"W",VLOOKUP(N25,[4]정격용량!$B$3:$K$633,3,FALSE),"X") -> X | S25: =IF(MID(N24,5,1)<>"W",VLOOKUP(N25,[4]정격용량!$B$3:$K$633,6,FALSE),"X") -> X | T25: =IF(MID($N24,5,1)<>"W",S25*$C$85,"X") -> X | U25: =IF(MID($N24,5,1)<>"W",VLOOKUP(N25,[4]정격용량!$B$3:$K$633,9,FALSE),"X") -> X | V25: =IFERROR(IF(J25="Z",VLOOKUP(P25,'[4]SERVO CABLE'!G:AD,8,FALSE),VLOOKUP(P25,'[4]SERVO CABLE'!G:AD,4,FALSE)),"") -> JZSP-C7M12F-□-E | W25: =IFERROR(VLOOKUP(P25,'[4]SERVO CABLE'!G:AD,17,FALSE),"") -> JZSP-C7PA2D-□-E | Z25: =IF($Y25=1,$R$9,"") | AA25: =IF($Y25=2,$R$9,"") | AB25: =IF($Y25=3,$R$9,"") | AC25: =IF(MID($N24,5,1)<>"W",((700*700)/$Q25*1.509)/1000,"X") -> X | AD25: =IF($AC25="X","X",IF($AC25<0.1,"X",IF($AC25<0.27,"IRV60",IF($AC25<0.91,"IRV80",IF($AC25<1.1,"IRV100",IF($AC25<1.3,"IRV120",IF($AC25<1.6,"IRV150",IF($AC25<2.2,"IRV200",IF($AC25<2.7,"IRV300",IF($AC25<4.3,"IRV400",IF($AC25<6.8,"IRV500","X"))))))))))) -> X
A26: RE | D26: DR2503 | G26: SCT Cutter X | H26: =E26&F26&" "&G26 -> SCT Cutter X | I26: =IF(OR(LEFT(O26,3)="SGL",LEFT(O26,5)="SGMCS"),"LINEAR","Rotary") -> LINEAR | J26: =IF(OR(RIGHT($H26,1)="Z",LEFT(RIGHT($H26,2),1)="Z",LEFT(RIGHT($H26,3),1)="Z"),"Z",IF(OR(RIGHT($H26,1)="X",LEFT(RIGHT($H26,2),1)="X",LEFT(RIGHT($H26,3),1)="X"),"X",IF(OR(RIGHT($H26,1)="Y",LEFT(RIGHT($H26,2),1)="Y",LEFT(RIGHT($H26,3),1)="Y"),"Y","T"))) -> X | K26: =VLOOKUP($D26,[4]회선정보!B:F,3,FALSE) -> 0 | L26: =VLOOKUP($D26,[4]회선정보!B:F,4,FALSE) -> 3 | M26: =VLOOKUP($D26,[4]회선정보!B:F,5,FALSE) -> MP5-1 | N26: SGD7W-1R6A20A | O26: SGLGW-60A140C | P26: =IFERROR(IF($I26="Rotary",LEFT($O26,9),$O26),"") -> SGLGW-60A140C | Q26: =IF(MID($N25,5,1)<>"W",VLOOKUP(N26,[4]정격용량!$B$3:$K$633,4,FALSE),"X") -> 400 | R26: =IF(MID(N25,5,1)<>"W",VLOOKUP(N26,[4]정격용량!$B$3:$K$633,3,FALSE),"X") -> 0.3 | S26: =IF(MID(N25,5,1)<>"W",VLOOKUP(N26,[4]정격용량!$B$3:$K$633,6,FALSE),"X") -> 2.5 | T26: =IF(MID($N25,5,1)<>"W",S26*$C$85,"X") -> 0.94565217 | U26: =IF(MID($N25,5,1)<>"W",VLOOKUP(N26,[4]정격용량!$B$3:$K$633,9,FALSE),"X") -> 3 | V26: =IFERROR(IF(J26="Z",VLOOKUP(P26,'[4]SERVO CABLE'!G:AD,8,FALSE),VLOOKUP(P26,'[4]SERVO CABLE'!G:AD,4,FALSE)),"") -> JZSP-CLN11-□ | W26: =IFERROR(VLOOKUP(P26,'[4]SERVO CABLE'!G:AD,17,FALSE),"") -> JZSP-CLP70-□-ER | Y26: 2 | Z26: =IF($Y26=1,$R$9,"") | AA26: =IF($Y26=2,$R$9,"") -> 0.25 | AB26: =IF($Y26=3,$R$9,"") | AC26: =IF(MID($N25,5,1)<>"W",((700*700)/$Q26*1.509)/1000,"X") -> 1.848525 | AD26: =IF($AC26="X","X",IF($AC26<0.1,"X",IF($AC26<0.27,"IRV60",IF($AC26<0.91,"IRV80",IF($AC26<1.1,"IRV100",IF($AC26<1.3,"IRV120",IF($AC26<1.6,"IRV150",IF($AC26<2.2,"IRV200",IF($AC26<2.7,"IRV300",IF($AC26<4.3,"IRV400",IF($AC26<6.8,"IRV500","X"))))))))))) -> IRV200
A27: SC | D27: DR2504 | G27: SCT Camera X | H27: =E27&F27&" "&G27 -> SCT Camera X | I27: =IF(OR(LEFT(O27,3)="SGL",LEFT(O27,5)="SGMCS"),"LINEAR","Rotary") -> LINEAR | J27: =IF(OR(RIGHT($H27,1)="Z",LEFT(RIGHT($H27,2),1)="Z",LEFT(RIGHT($H27,3),1)="Z"),"Z",IF(OR(RIGHT($H27,1)="X",LEFT(RIGHT($H27,2),1)="X",LEFT(RIGHT($H27,3),1)="X"),"X",IF(OR(RIGHT($H27,1)="Y",LEFT(RIGHT($H27,2),1)="Y",LEFT(RIGHT($H27,3),1)="Y"),"Y","T"))) -> X | K27: =VLOOKUP($D27,[4]회선정보!B:F,3,FALSE) -> 0 | L27: =VLOOKUP($D27,[4]회선정보!B:F,4,FALSE) -> 4 | M27: =VLOOKUP($D27,[4]회선정보!B:F,5,FALSE) -> MP5-1 | O27: SGLGW-60A140C | P27: =IFERROR(IF($I27="Rotary",LEFT($O27,9),$O27),"") -> SGLGW-60A140C | Q27: =IF(MID($N26,5,1)<>"W",VLOOKUP(N27,[4]정격용량!$B$3:$K$633,4,FALSE),"X") -> X | R27: =IF(MID(N26,5,1)<>"W",VLOOKUP(N27,[4]정격용량!$B$3:$K$633,3,FALSE),"X") -> X | S27: =IF(MID(N26,5,1)<>"W",VLOOKUP(N27,[4]정격용량!$B$3:$K$633,6,FALSE),"X") -> X | T27: =IF(MID($N26,5,1)<>"W",S27*$C$85,"X") -> X | U27: =IF(MID($N26,5,1)<>"W",VLOOKUP(N27,[4]정격용량!$B$3:$K$633,9,FALSE),"X") -> X | V27: =IFERROR(IF(J27="Z",VLOOKUP(P27,'[4]SERVO CABLE'!G:AD,8,FALSE),VLOOKUP(P27,'[4]SERVO CABLE'!G:AD,4,FALSE)),"") -> JZSP-CLN11-□ | W27: =IFERROR(VLOOKUP(P27,'[4]SERVO CABLE'!G:AD,17,FALSE),"") -> JZSP-CLP70-□-ER | Y27: 3 | Z27: =IF($Y27=1,$R$9,"") | AA27: =IF($Y27=2,$R$9,"") | AB27: =IF($Y27=3,$R$9,"") -> 0.25 | AC27: =IF(MID($N26,5,1)<>"W",((700*700)/$Q27*1.509)/1000,"X") -> X | AD27: =IF($AC27="X","X",IF($AC27<0.1,"X",IF($AC27<0.27,"IRV60",IF($AC27<0.91,"IRV80",IF($AC27<1.1,"IRV100",IF($AC27<1.3,"IRV120",IF($AC27<1.6,"IRV150",IF($AC27<2.2,"IRV200",IF($AC27<2.7,"IRV300",IF($AC27<4.3,"IRV400",IF($AC27<6.8,"IRV500","X"))))))))))) -> X
A28: SC | D28: DR2505 | G28: SCT Cutter Z | H28: =E28&F28&" "&G28 -> SCT Cutter Z | I28: =IF(OR(LEFT(O28,3)="SGL",LEFT(O28,5)="SGMCS"),"LINEAR","Rotary") -> Rotary | J28: =IF(OR(RIGHT($H28,1)="Z",LEFT(RIGHT($H28,2),1)="Z",LEFT(RIGHT($H28,3),1)="Z"),"Z",IF(OR(RIGHT($H28,1)="X",LEFT(RIGHT($H28,2),1)="X",LEFT(RIGHT($H28,3),1)="X"),"X",IF(OR(RIGHT($H28,1)="Y",LEFT(RIGHT($H28,2),1)="Y",LEFT(RIGHT($H28,3),1)="Y"),"Y","T"))) -> Z | K28: =VLOOKUP($D28,[4]회선정보!B:F,3,FALSE) -> 0 | L28: =VLOOKUP($D28,[4]회선정보!B:F,4,FALSE) -> 5 | M28: =VLOOKUP($D28,[4]회선정보!B:F,5,FALSE) -> MP5-1 | N28: SGD7S-R70A20A | O28: SGM7A-A5A7A21 | P28: =IFERROR(IF($I28="Rotary",LEFT($O28,9),$O28),"") -> SGM7A-A5A | Q28: =IF(MID($N27,5,1)<>"W",VLOOKUP(N28,[4]정격용량!$B$3:$K$633,4,FALSE),"X") -> 50 | R28: =IF(MID(N27,5,1)<>"W",VLOOKUP(N28,[4]정격용량!$B$3:$K$633,3,FALSE),"X") -> 0.2 | S28: =IF(MID(N27,5,1)<>"W",VLOOKUP(N28,[4]정격용량!$B$3:$K$633,6,FALSE),"X") -> 0.4 | T28: =IF(MID($N27,5,1)<>"W",S28*$C$85,"X") -> 0.15130435 | U28: =IF(MID($N27,5,1)<>"W",VLOOKUP(N28,[4]정격용량!$B$3:$K$633,9,FALSE),"X") -> 1 | V28: =IFERROR(IF(J28="Z",VLOOKUP(P28,'[4]SERVO CABLE'!G:AD,8,FALSE),VLOOKUP(P28,'[4]SERVO CABLE'!G:AD,4,FALSE)),"") -> JZSP-C7M14F-□-E | W28: =IFERROR(VLOOKUP(P28,'[4]SERVO CABLE'!G:AD,17,FALSE),"") -> JZSP-C7PA2D-□-E | Z28: =IF($Y28=1,$R$9,"") | AA28: =IF($Y28=2,$R$9,"") | AB28: =IF($Y28=3,$R$9,"") | AC28: =IF(MID($N27,5,1)<>"W",((700*700)/$Q28*1.509)/1000,"X") -> 14.7882 | AD28: =IF($AC28="X","X",IF($AC28<0.1,"X",IF($AC28<0.27,"IRV60",IF($AC28<0.91,"IRV80",IF($AC28<1.1,"IRV100",IF($AC28<1.3,"IRV120",IF($AC28<1.6,"IRV150",IF($AC28<2.2,"IRV200",IF($AC28<2.7,"IRV300",IF($AC28<4.3,"IRV400",IF($AC28<6.8,"IRV500","X"))))))))))) -> X
A29: SC | D29: DR2506 | G29: SCT Cutter Shift | H29: =E29&F29&" "&G29 -> SCT Cutter Shift | I29: =IF(OR(LEFT(O29,3)="SGL",LEFT(O29,5)="SGMCS"),"LINEAR","Rotary") -> Rotary | J29: =IF(OR(RIGHT($H29,1)="Z",LEFT(RIGHT($H29,2),1)="Z",LEFT(RIGHT($H29,3),1)="Z"),"Z",IF(OR(RIGHT($H29,1)="X",LEFT(RIGHT($H29,2),1)="X",LEFT(RIGHT($H29,3),1)="X"),"X",IF(OR(RIGHT($H29,1)="Y",LEFT(RIGHT($H29,2),1)="Y",LEFT(RIGHT($H29,3),1)="Y"),"Y","T"))) -> T | K29: =VLOOKUP($D29,[4]회선정보!B:F,3,FALSE) -> 0 | L29: =VLOOKUP($D29,[4]회선정보!B:F,4,FALSE) -> 6 | M29: =VLOOKUP($D29,[4]회선정보!B:F,5,FALSE) -> MP5-1 | N29: SGD7S-R70A20A | O29: SGM7A-A5A7A21 | P29: =IFERROR(IF($I29="Rotary",LEFT($O29,9),$O29),"") -> SGM7A-A5A | Q29: =IF(MID($N28,5,1)<>"W",VLOOKUP(N29,[4]정격용량!$B$3:$K$633,4,FALSE),"X") -> 50 | R29: =IF(MID(N28,5,1)<>"W",VLOOKUP(N29,[4]정격용량!$B$3:$K$633,3,FALSE),"X") -> 0.2 | S29: =IF(MID(N28,5,1)<>"W",VLOOKUP(N29,[4]정격용량!$B$3:$K$633,6,FALSE),"X") -> 0.4 | T29: =IF(MID($N28,5,1)<>"W",S29*$C$85,"X") -> 0.15130435 | U29: =IF(MID($N28,5,1)<>"W",VLOOKUP(N29,[4]정격용량!$B$3:$K$633,9,FALSE),"X") -> 1 | V29: =IFERROR(IF(J29="Z",VLOOKUP(P29,'[4]SERVO CABLE'!G:AD,8,FALSE),VLOOKUP(P29,'[4]SERVO CABLE'!G:AD,4,FALSE)),"") -> JZSP-C7M12F-□-E | W29: =IFERROR(VLOOKUP(P29,'[4]SERVO CABLE'!G:AD,17,FALSE),"") -> JZSP-C7PA2D-□-E | Y29: 1 | Z29: =IF($Y29=1,$R$9,"") -> 0.25 | AA29: =IF($Y29=2,$R$9,"") | AB29: =IF($Y29=3,$R$9,"") | AC29: =IF(MID($N28,5,1)<>"W",((700*700)/$Q29*1.509)/1000,"X") -> 14.7882 | AD29: =IF($AC29="X","X",IF($AC29<0.1,"X",IF($AC29<0.27,"IRV60",IF($AC29<0.91,"IRV80",IF($AC29<1.1,"IRV100",IF($AC29<1.3,"IRV120",IF($AC29<1.6,"IRV150",IF($AC29<2.2,"IRV200",IF($AC29<2.7,"IRV300",IF($AC29<4.3,"IRV400",IF($AC29<6.8,"IRV500","X"))))))))))) -> X
A30: SC | D30: DR2508 | G30: SCT Left Camera Y | H30: =E30&F30&" "&G30 -> SCT Left Camera Y | I30: =IF(OR(LEFT(O30,3)="SGL",LEFT(O30,5)="SGMCS"),"LINEAR","Rotary") -> Rotary | J30: =IF(OR(RIGHT($H30,1)="Z",LEFT(RIGHT($H30,2),1)="Z",LEFT(RIGHT($H30,3),1)="Z"),"Z",IF(OR(RIGHT($H30,1)="X",LEFT(RIGHT($H30,2),1)="X",LEFT(RIGHT($H30,3),1)="X"),"X",IF(OR(RIGHT($H30,1)="Y",LEFT(RIGHT($H30,2),1)="Y",LEFT(RIGHT($H30,3),1)="Y"),"Y","T"))) -> Y | K30: =VLOOKUP($D30,[4]회선정보!B:F,3,FALSE) -> 0 | L30: =VLOOKUP($D30,[4]회선정보!B:F,4,FALSE) -> 8 | M30: =VLOOKUP($D30,[4]회선정보!B:F,5,FALSE) -> MP5-1 | N30: SGD7W-1R6A20A | O30: SGM7M-A3A3A21 | P30: =IFERROR(IF($I30="Rotary",LEFT($O30,9),$O30),"") -> SGM7M-A3A | Q30: =IF(MID($N29,5,1)<>"W",VLOOKUP(N30,[4]정격용량!$B$3:$K$633,4,FALSE),"X") -> 400 | R30: =IF(MID(N29,5,1)<>"W",VLOOKUP(N30,[4]정격용량!$B$3:$K$633,3,FALSE),"X") -> 0.3 | S30: =IF(MID(N29,5,1)<>"W",VLOOKUP(N30,[4]정격용량!$B$3:$K$633,6,FALSE),"X") -> 2.5 | T30: =IF(MID($N29,5,1)<>"W",S30*$C$85,"X") -> 0.94565217 | U30: =IF(MID($N29,5,1)<>"W",VLOOKUP(N30,[4]정격용량!$B$3:$K$633,9,FALSE),"X") -> 3 | V30: =IFERROR(IF(J30="Z",VLOOKUP(P30,'[4]SERVO CABLE'!G:AD,8,FALSE),VLOOKUP(P30,'[4]SERVO CABLE'!G:AD,4,FALSE)),"") -> JZSP-CF2M20-□-E | W30: =IFERROR(VLOOKUP(P30,'[4]SERVO CABLE'!G:AD,17,FALSE),"") -> JZSP-C7MP29-□-E | Z30: =IF($Y30=1,$R$9,"") | AA30: =IF($Y30=2,$R$9,"") | AB30: =IF($Y30=3,$R$9,"") | AC30: =IF(MID($N29,5,1)<>"W",((700*700)/$Q30*1.509)/1000,"X") -> 1.848525 | AD30: =IF($AC30="X","X",IF($AC30<0.1,"X",IF($AC30<0.27,"IRV60",IF($AC30<0.91,"IRV80",IF($AC30<1.1,"IRV100",IF($AC30<1.3,"IRV120",IF($AC30<1.6,"IRV150",IF($AC30<2.2,"IRV200",IF($AC30<2.7,"IRV300",IF($AC30<4.3,"IRV400",IF($AC30<6.8,"IRV500","X"))))))))))) -> IRV200
A31: SC | D31: DR2509 | G31: SCT Right Camera Y | H31: =E31&F31&" "&G31 -> SCT Right Camera Y | I31: =IF(OR(LEFT(O31,3)="SGL",LEFT(O31,5)="SGMCS"),"LINEAR","Rotary") -> Rotary | J31: =IF(OR(RIGHT($H31,1)="Z",LEFT(RIGHT($H31,2),1)="Z",LEFT(RIGHT($H31,3),1)="Z"),"Z",IF(OR(RIGHT($H31,1)="X",LEFT(RIGHT($H31,2),1)="X",LEFT(RIGHT($H31,3),1)="X"),"X",IF(OR(RIGHT($H31,1)="Y",LEFT(RIGHT($H31,2),1)="Y",LEFT(RIGHT($H31,3),1)="Y"),"Y","T"))) -> Y | K31: =VLOOKUP($D31,[4]회선정보!B:F,3,FALSE) -> 0 | L31: =VLOOKUP($D31,[4]회선정보!B:F,4,FALSE) -> 9 | M31: =VLOOKUP($D31,[4]회선정보!B:F,5,FALSE) -> MP5-1 | O31: SGM7M-A3A3A21 | P31: =IFERROR(IF($I31="Rotary",LEFT($O31,9),$O31),"") -> SGM7M-A3A | Q31: =IF(MID($N30,5,1)<>"W",VLOOKUP(N31,[4]정격용량!$B$3:$K$633,4,FALSE),"X") -> X | R31: =IF(MID(N30,5,1)<>"W",VLOOKUP(N31,[4]정격용량!$B$3:$K$633,3,FALSE),"X") -> X | S31: =IF(MID(N30,5,1)<>"W",VLOOKUP(N31,[4]정격용량!$B$3:$K$633,6,FALSE),"X") -> X | T31: =IF(MID($N30,5,1)<>"W",S31*$C$85,"X") -> X | U31: =IF(MID($N30,5,1)<>"W",VLOOKUP(N31,[4]정격용량!$B$3:$K$633,9,FALSE),"X") -> X | V31: =IFERROR(IF(J31="Z",VLOOKUP(P31,'[4]SERVO CABLE'!G:AD,8,FALSE),VLOOKUP(P31,'[4]SERVO CABLE'!G:AD,4,FALSE)),"") -> JZSP-CF2M20-□-E | W31: =IFERROR(VLOOKUP(P31,'[4]SERVO CABLE'!G:AD,17,FALSE),"") -> JZSP-C7MP29-□-E | Y31: 2 | Z31: =IF($Y31=1,$R$9,"") | AA31: =IF($Y31=2,$R$9,"") -> 0.25 | AB31: =IF($Y31=3,$R$9,"") | AC31: =IF(MID($N30,5,1)<>"W",((700*700)/$Q31*1.509)/1000,"X") -> X | AD31: =IF($AC31="X","X",IF($AC31<0.1,"X",IF($AC31<0.27,"IRV60",IF($AC31<0.91,"IRV80",IF($AC31<1.1,"IRV100",IF($AC31<1.3,"IRV120",IF($AC31<1.6,"IRV150",IF($AC31<2.2,"IRV200",IF($AC31<2.7,"IRV300",IF($AC31<4.3,"IRV400",IF($AC31<6.8,"IRV500","X"))))))))))) -> X
A32: SC | D32: DR250A | G32: SCT Left Camera Z | H32: =E32&F32&" "&G32 -> SCT Left Camera Z | I32: =IF(OR(LEFT(O32,3)="SGL",LEFT(O32,5)="SGMCS"),"LINEAR","Rotary") -> Rotary | J32: =IF(OR(RIGHT($H32,1)="Z",LEFT(RIGHT($H32,2),1)="Z",LEFT(RIGHT($H32,3),1)="Z"),"Z",IF(OR(RIGHT($H32,1)="X",LEFT(RIGHT($H32,2),1)="X",LEFT(RIGHT($H32,3),1)="X"),"X",IF(OR(RIGHT($H32,1)="Y",LEFT(RIGHT($H32,2),1)="Y",LEFT(RIGHT($H32,3),1)="Y"),"Y","T"))) -> Z | K32: =VLOOKUP($D32,[4]회선정보!B:F,3,FALSE) -> 0 | L32: =VLOOKUP($D32,[4]회선정보!B:F,4,FALSE) -> A | M32: =VLOOKUP($D32,[4]회선정보!B:F,5,FALSE) -> MP5-1 | N32: SGD7W-1R6A20A | O32: SGM7M-A3A3A21 | P32: =IFERROR(IF($I32="Rotary",LEFT($O32,9),$O32),"") -> SGM7M-A3A | Q32: =IF(MID($N31,5,1)<>"W",VLOOKUP(N32,[4]정격용량!$B$3:$K$633,4,FALSE),"X") -> 400 | R32: =IF(MID(N31,5,1)<>"W",VLOOKUP(N32,[4]정격용량!$B$3:$K$633,3,FALSE),"X") -> 0.3 | S32: =IF(MID(N31,5,1)<>"W",VLOOKUP(N32,[4]정격용량!$B$3:$K$633,6,FALSE),"X") -> 2.5 | T32: =IF(MID($N31,5,1)<>"W",S32*$C$85,"X") -> 0.94565217 | U32: =IF(MID($N31,5,1)<>"W",VLOOKUP(N32,[4]정격용량!$B$3:$K$633,9,FALSE),"X") -> 3 | V32: =IFERROR(IF(J32="Z",VLOOKUP(P32,'[4]SERVO CABLE'!G:AD,8,FALSE),VLOOKUP(P32,'[4]SERVO CABLE'!G:AD,4,FALSE)),"") -> JZSP-CF2M23-□-E | W32: =IFERROR(VLOOKUP(P32,'[4]SERVO CABLE'!G:AD,17,FALSE),"") -> JZSP-C7MP29-□-E | Z32: =IF($Y32=1,$R$9,"") | AA32: =IF($Y32=2,$R$9,"") | AB32: =IF($Y32=3,$R$9,"") | AC32: =IF(MID($N31,5,1)<>"W",((700*700)/$Q32*1.509)/1000,"X") -> 1.848525 | AD32: =IF($AC32="X","X",IF($AC32<0.1,"X",IF($AC32<0.27,"IRV60",IF($AC32<0.91,"IRV80",IF($AC32<1.1,"IRV100",IF($AC32<1.3,"IRV120",IF($AC32<1.6,"IRV150",IF($AC32<2.2,"IRV200",IF($AC32<2.7,"IRV300",IF($AC32<4.3,"IRV400",IF($AC32<6.8,"IRV500","X"))))))))))) -> IRV200
A33: SC | D33: DR250B | G33: SCT Right Camera Z | H33: =E33&F33&" "&G33 -> SCT Right Camera Z | I33: =IF(OR(LEFT(O33,3)="SGL",LEFT(O33,5)="SGMCS"),"LINEAR","Rotary") -> Rotary | J33: =IF(OR(RIGHT($H33,1)="Z",LEFT(RIGHT($H33,2),1)="Z",LEFT(RIGHT($H33,3),1)="Z"),"Z",IF(OR(RIGHT($H33,1)="X",LEFT(RIGHT($H33,2),1)="X",LEFT(RIGHT($H33,3),1)="X"),"X",IF(OR(RIGHT($H33,1)="Y",LEFT(RIGHT($H33,2),1)="Y",LEFT(RIGHT($H33,3),1)="Y"),"Y","T"))) -> Z | K33: =VLOOKUP($D33,[4]회선정보!B:F,3,FALSE) -> 0 | L33: =VLOOKUP($D33,[4]회선정보!B:F,4,FALSE) -> B | M33: =VLOOKUP($D33,[4]회선정보!B:F,5,FALSE) -> MP5-1 | O33: SGM7M-A3A3A21 | P33: =IFERROR(IF($I33="Rotary",LEFT($O33,9),$O33),"") -> SGM7M-A3A | Q33: =IF(MID($N32,5,1)<>"W",VLOOKUP(N33,[4]정격용량!$B$3:$K$633,4,FALSE),"X") -> X | R33: =IF(MID(N32,5,1)<>"W",VLOOKUP(N33,[4]정격용량!$B$3:$K$633,3,FALSE),"X") -> X | S33: =IF(MID(N32,5,1)<>"W",VLOOKUP(N33,[4]정격용량!$B$3:$K$633,6,FALSE),"X") -> X | U33: =IF(MID($N32,5,1)<>"W",VLOOKUP(N33,[4]정격용량!$B$3:$K$633,9,FALSE),"X") -> X | V33: =IFERROR(IF(J33="Z",VLOOKUP(P33,'[4]SERVO CABLE'!G:AD,8,FALSE),VLOOKUP(P33,'[4]SERVO CABLE'!G:AD,4,FALSE)),"") -> JZSP-CF2M23-□-E | W33: =IFERROR(VLOOKUP(P33,'[4]SERVO CABLE'!G:AD,17,FALSE),"") -> JZSP-C7MP29-□-E | Y33: 3 | Z33: =IF($Y33=1,$R$9,"") | AA33: =IF($Y33=2,$R$9,"") | AB33: =IF($Y33=3,$R$9,"") -> 0.25 | AC33: =IF(MID($N32,5,1)<>"W",((700*700)/$Q33*1.509)/1000,"X") -> X | AD33: =IF($AC33="X","X",IF($AC33<0.1,"X",IF($AC33<0.27,"IRV60",IF($AC33<0.91,"IRV80",IF($AC33<1.1,"IRV100",IF($AC33<1.3,"IRV120",IF($AC33<1.6,"IRV150",IF($AC33<2.2,"IRV200",IF($AC33<2.7,"IRV300",IF($AC33<4.3,"IRV400",IF($AC33<6.8,"IRV500","X"))))))))))) -> X
A34: SC | D34: DR2603 | G34: SCT Scribe Chuck Y-1 | H34: =E34&F34&" "&G34 -> SCT Scribe Chuck Y-1 | I34: =IF(OR(LEFT(O34,3)="SGL",LEFT(O34,5)="SGMCS"),"LINEAR","Rotary") -> LINEAR | J34: =IF(OR(RIGHT($H34,1)="Z",LEFT(RIGHT($H34,2),1)="Z",LEFT(RIGHT($H34,3),1)="Z"),"Z",IF(OR(RIGHT($H34,1)="X",LEFT(RIGHT($H34,2),1)="X",LEFT(RIGHT($H34,3),1)="X"),"X",IF(OR(RIGHT($H34,1)="Y",LEFT(RIGHT($H34,2),1)="Y",LEFT(RIGHT($H34,3),1)="Y"),"Y","T"))) -> Y | K34: =VLOOKUP($D34,[4]회선정보!B:F,3,FALSE) -> 0 | L34: =VLOOKUP($D34,[4]회선정보!B:F,4,FALSE) -> 3 | M34: =VLOOKUP($D34,[4]회선정보!B:F,5,FALSE) -> MP6-1 | N34: SGD7S-120A20A | O34: SGLFW-50A380BP | P34: =IFERROR(IF($I34="Rotary",LEFT($O34,9),$O34),"") -> SGLFW-50A380BP | Q34: =IF(MID($N33,5,1)<>"W",VLOOKUP(N34,[4]정격용량!$B$3:$K$633,4,FALSE),"X") -> 1500 | R34: =IF(MID(N33,5,1)<>"W",VLOOKUP(N34,[4]정격용량!$B$3:$K$633,3,FALSE),"X") -> 0.25 | S34: =IF(MID(N33,5,1)<>"W",VLOOKUP(N34,[4]정격용량!$B$3:$K$633,6,FALSE),"X") -> 7.3 | T34: =IF(MID($N33,5,1)<>"W",S34*$C$85,"X") -> 2.7613043 | U34: =IF(MID($N33,5,1)<>"W",VLOOKUP(N34,[4]정격용량!$B$3:$K$633,9,FALSE),"X") -> 10 | V34: =IFERROR(IF(J34="Z",VLOOKUP(P34,'[4]SERVO CABLE'!G:AD,8,FALSE),VLOOKUP(P34,'[4]SERVO CABLE'!G:AD,4,FALSE)),"") -> JZSP-CLN21-01-E | W34: =IFERROR(VLOOKUP(P34,'[4]SERVO CABLE'!G:AD,17,FALSE),"") -> JZSP-CLP70-□-ER | Z34: =IF($Y34=1,$R$9,"") | AA34: =IF($Y34=2,$R$9,"") | AB34: =IF($Y34=3,$R$9,"") | AC34: =IF(MID($N33,5,1)<>"W",((700*700)/$Q34*1.509)/1000,"X") -> 0.49294 | AD34: =IF($AC34="X","X",IF($AC34<0.1,"X",IF($AC34<0.27,"IRV60",IF($AC34<0.91,"IRV80",IF($AC34<1.1,"IRV100",IF($AC34<1.3,"IRV120",IF($AC34<1.6,"IRV150",IF($AC34<2.2,"IRV200",IF($AC34<2.7,"IRV300",IF($AC34<4.3,"IRV400",IF($AC34<6.8,"IRV500","X"))))))))))) -> IRV80
A35: SC | D35: DR2604 | G35: SCT Scribe Chuck Y-2 | H35: =E35&F35&" "&G35 -> SCT Scribe Chuck Y-2 | I35: =IF(OR(LEFT(O35,3)="SGL",LEFT(O35,5)="SGMCS"),"LINEAR","Rotary") -> LINEAR | J35: =IF(OR(RIGHT($H35,1)="Z",LEFT(RIGHT($H35,2),1)="Z",LEFT(RIGHT($H35,3),1)="Z"),"Z",IF(OR(RIGHT($H35,1)="X",LEFT(RIGHT($H35,2),1)="X",LEFT(RIGHT($H35,3),1)="X"),"X",IF(OR(RIGHT($H35,1)="Y",LEFT(RIGHT($H35,2),1)="Y",LEFT(RIGHT($H35,3),1)="Y"),"Y","T"))) -> Y | K35: =VLOOKUP($D35,[4]회선정보!B:F,3,FALSE) -> 0 | L35: =VLOOKUP($D35,[4]회선정보!B:F,4,FALSE) -> 4 | M35: =VLOOKUP($D35,[4]회선정보!B:F,5,FALSE) -> MP6-1 | N35: SGD7S-120A20A | O35: SGLFW-50A380BP | P35: =IFERROR(IF($I35="Rotary",LEFT($O35,9),$O35),"") -> SGLFW-50A380BP | Q35: =IF(MID($N34,5,1)<>"W",VLOOKUP(N35,[4]정격용량!$B$3:$K$633,4,FALSE),"X") -> 1500 | R35: =IF(MID(N34,5,1)<>"W",VLOOKUP(N35,[4]정격용량!$B$3:$K$633,3,FALSE),"X") -> 0.25 | S35: =IF(MID(N34,5,1)<>"W",VLOOKUP(N35,[4]정격용량!$B$3:$K$633,6,FALSE),"X") -> 7.3 | T35: =IF(MID($N34,5,1)<>"W",S35*$C$85,"X") -> 2.7613043 | U35: =IF(MID($N34,5,1)<>"W",VLOOKUP(N35,[4]정격용량!$B$3:$K$633,9,FALSE),"X") -> 10 | V35: =IFERROR(IF(J35="Z",VLOOKUP(P35,'[4]SERVO CABLE'!G:AD,8,FALSE),VLOOKUP(P35,'[4]SERVO CABLE'!G:AD,4,FALSE)),"") -> JZSP-CLN21-01-E | W35: =IFERROR(VLOOKUP(P35,'[4]SERVO CABLE'!G:AD,17,FALSE),"") -> JZSP-CLP70-□-ER | Y35: 1 | Z35: =IF($Y35=1,$R$9,"") -> 0.25 | AA35: =IF($Y35=2,$R$9,"") | AB35: =IF($Y35=3,$R$9,"") | AC35: =IF(MID($N34,5,1)<>"W",((700*700)/$Q35*1.509)/1000,"X") -> 0.49294 | AD35: =IF($AC35="X","X",IF($AC35<0.1,"X",IF($AC35<0.27,"IRV60",IF($AC35<0.91,"IRV80",IF($AC35<1.1,"IRV100",IF($AC35<1.3,"IRV120",IF($AC35<1.6,"IRV150",IF($AC35<2.2,"IRV200",IF($AC35<2.7,"IRV300",IF($AC35<4.3,"IRV400",IF($AC35<6.8,"IRV500","X"))))))))))) -> IRV80
A36: SC | D36: DR2606 | G36: SCT Scribe Chuck1 Z | H36: =E36&F36&" "&G36 -> SCT Scribe Chuck1 Z | I36: =IF(OR(LEFT(O36,3)="SGL",LEFT(O36,5)="SGMCS"),"LINEAR","Rotary") -> Rotary | J36: =IF(OR(RIGHT($H36,1)="Z",LEFT(RIGHT($H36,2),1)="Z",LEFT(RIGHT($H36,3),1)="Z"),"Z",IF(OR(RIGHT($H36,1)="X",LEFT(RIGHT($H36,2),1)="X",LEFT(RIGHT($H36,3),1)="X"),"X",IF(OR(RIGHT($H36,1)="Y",LEFT(RIGHT($H36,2),1)="Y",LEFT(RIGHT($H36,3),1)="Y"),"Y","T"))) -> Z | K36: =VLOOKUP($D36,[4]회선정보!B:F,3,FALSE) -> 0 | L36: =VLOOKUP($D36,[4]회선정보!B:F,4,FALSE) -> 6 | M36: =VLOOKUP($D36,[4]회선정보!B:F,5,FALSE) -> MP6-1 | N36: SGD7W-1R6A20A | O36: SGM7J-A5A7A21 | P36: =IFERROR(IF($I36="Rotary",LEFT($O36,9),$O36),"") -> SGM7J-A5A | Q36: =IF(MID($N35,5,1)<>"W",VLOOKUP(N36,[4]정격용량!$B$3:$K$633,4,FALSE),"X") -> 400 | R36: =IF(MID(N35,5,1)<>"W",VLOOKUP(N36,[4]정격용량!$B$3:$K$633,3,FALSE),"X") -> 0.3 | S36: =IF(MID(N35,5,1)<>"W",VLOOKUP(N36,[4]정격용량!$B$3:$K$633,6,FALSE),"X") -> 2.5 | T36: =IF(MID($N35,5,1)<>"W",S36*$C$85,"X") -> 0.94565217 | U36: =IF(MID($N35,5,1)<>"W",VLOOKUP(N36,[4]정격용량!$B$3:$K$633,9,FALSE),"X") -> 3 | V36: =IFERROR(IF(J36="Z",VLOOKUP(P36,'[4]SERVO CABLE'!G:AD,8,FALSE),VLOOKUP(P36,'[4]SERVO CABLE'!G:AD,4,FALSE)),"") -> JZSP-C7M14F-□-E | W36: =IFERROR(VLOOKUP(P36,'[4]SERVO CABLE'!G:AD,17,FALSE),"") -> JZSP-C7PA2D-□-E | Z36: =IF($Y36=1,$R$9,"") | AA36: =IF($Y36=2,$R$9,"") | AB36: =IF($Y36=3,$R$9,"") | AC36: =IF(MID($N35,5,1)<>"W",((700*700)/$Q36*1.509)/1000,"X") -> 1.848525 | AD36: =IF($AC36="X","X",IF($AC36<0.1,"X",IF($AC36<0.27,"IRV60",IF($AC36<0.91,"IRV80",IF($AC36<1.1,"IRV100",IF($AC36<1.3,"IRV120",IF($AC36<1.6,"IRV150",IF($AC36<2.2,"IRV200",IF($AC36<2.7,"IRV300",IF($AC36<4.3,"IRV400",IF($AC36<6.8,"IRV500","X"))))))))))) -> IRV200
A37: SC | D37: DR2607 | G37: SCT Scribe Chuck2 Z | H37: =E37&F37&" "&G37 -> SCT Scribe Chuck2 Z | I37: =IF(OR(LEFT(O37,3)="SGL",LEFT(O37,5)="SGMCS"),"LINEAR","Rotary") -> Rotary | J37: =IF(OR(RIGHT($H37,1)="Z",LEFT(RIGHT($H37,2),1)="Z",LEFT(RIGHT($H37,3),1)="Z"),"Z",IF(OR(RIGHT($H37,1)="X",LEFT(RIGHT($H37,2),1)="X",LEFT(RIGHT($H37,3),1)="X"),"X",IF(OR(RIGHT($H37,1)="Y",LEFT(RIGHT($H37,2),1)="Y",LEFT(RIGHT($H37,3),1)="Y"),"Y","T"))) -> Z | K37: =VLOOKUP($D37,[4]회선정보!B:F,3,FALSE) -> 0 | L37: =VLOOKUP($D37,[4]회선정보!B:F,4,FALSE) -> 7 | M37: =VLOOKUP($D37,[4]회선정보!B:F,5,FALSE) -> MP6-1 | O37: SGM7J-A5A7A21 | P37: =IFERROR(IF($I37="Rotary",LEFT($O37,9),$O37),"") -> SGM7J-A5A | Q37: =IF(MID($N36,5,1)<>"W",VLOOKUP(N37,[4]정격용량!$B$3:$K$633,4,FALSE),"X") -> X | R37: =IF(MID(N36,5,1)<>"W",VLOOKUP(N37,[4]정격용량!$B$3:$K$633,3,FALSE),"X") -> X | S37: =IF(MID(N36,5,1)<>"W",VLOOKUP(N37,[4]정격용량!$B$3:$K$633,6,FALSE),"X") -> X | T37: =IF(MID($N36,5,1)<>"W",S37*$C$85,"X") -> X | U37: =IF(MID($N36,5,1)<>"W",VLOOKUP(N37,[4]정격용량!$B$3:$K$633,9,FALSE),"X") -> X | V37: =IFERROR(IF(J37="Z",VLOOKUP(P37,'[4]SERVO CABLE'!G:AD,8,FALSE),VLOOKUP(P37,'[4]SERVO CABLE'!G:AD,4,FALSE)),"") -> JZSP-C7M14F-□-E | W37: =IFERROR(VLOOKUP(P37,'[4]SERVO CABLE'!G:AD,17,FALSE),"") -> JZSP-C7PA2D-□-E | Y37: 2 | Z37: =IF($Y37=1,$R$9,"") | AA37: =IF($Y37=2,$R$9,"") -> 0.25 | AB37: =IF($Y37=3,$R$9,"") | AC37: =IF(MID($N36,5,1)<>"W",((700*700)/$Q37*1.509)/1000,"X") -> X | AD37: =IF($AC37="X","X",IF($AC37<0.1,"X",IF($AC37<0.27,"IRV60",IF($AC37<0.91,"IRV80",IF($AC37<1.1,"IRV100",IF($AC37<1.3,"IRV120",IF($AC37<1.6,"IRV150",IF($AC37<2.2,"IRV200",IF($AC37<2.7,"IRV300",IF($AC37<4.3,"IRV400",IF($AC37<6.8,"IRV500","X"))))))))))) -> X
A38: SC | D38: DR2608 | G38: SCT Scribe Chuck3 Z | H38: =E38&F38&" "&G38 -> SCT Scribe Chuck3 Z | I38: =IF(OR(LEFT(O38,3)="SGL",LEFT(O38,5)="SGMCS"),"LINEAR","Rotary") -> Rotary | J38: =IF(OR(RIGHT($H38,1)="Z",LEFT(RIGHT($H38,2),1)="Z",LEFT(RIGHT($H38,3),1)="Z"),"Z",IF(OR(RIGHT($H38,1)="X",LEFT(RIGHT($H38,2),1)="X",LEFT(RIGHT($H38,3),1)="X"),"X",IF(OR(RIGHT($H38,1)="Y",LEFT(RIGHT($H38,2),1)="Y",LEFT(RIGHT($H38,3),1)="Y"),"Y","T"))) -> Z | K38: =VLOOKUP($D38,[4]회선정보!B:F,3,FALSE) -> 0 | L38: =VLOOKUP($D38,[4]회선정보!B:F,4,FALSE) -> 8 | M38: =VLOOKUP($D38,[4]회선정보!B:F,5,FALSE) -> MP6-1 | N38: SGD7W-1R6A20A | O38: SGM7J-A5A7A21 | P38: =IFERROR(IF($I38="Rotary",LEFT($O38,9),$O38),"") -> SGM7J-A5A | Q38: =IF(MID($N37,5,1)<>"W",VLOOKUP(N38,[4]정격용량!$B$3:$K$633,4,FALSE),"X") -> 400 | R38: =IF(MID(N37,5,1)<>"W",VLOOKUP(N38,[4]정격용량!$B$3:$K$633,3,FALSE),"X") -> 0.3 | S38: =IF(MID(N37,5,1)<>"W",VLOOKUP(N38,[4]정격용량!$B$3:$K$633,6,FALSE),"X") -> 2.5 | T38: =IF(MID($N37,5,1)<>"W",S38*$C$85,"X") -> 0.94565217 | U38: =IF(MID($N37,5,1)<>"W",VLOOKUP(N38,[4]정격용량!$B$3:$K$633,9,FALSE),"X") -> 3 | V38: =IFERROR(IF(J38="Z",VLOOKUP(P38,'[4]SERVO CABLE'!G:AD,8,FALSE),VLOOKUP(P38,'[4]SERVO CABLE'!G:AD,4,FALSE)),"") -> JZSP-C7M14F-□-E | W38: =IFERROR(VLOOKUP(P38,'[4]SERVO CABLE'!G:AD,17,FALSE),"") -> JZSP-C7PA2D-□-E | Z38: =IF($Y38=1,$R$9,"") | AA38: =IF($Y38=2,$R$9,"") | AB38: =IF($Y38=3,$R$9,"") | AC38: =IF(MID($N37,5,1)<>"W",((700*700)/$Q38*1.509)/1000,"X") -> 1.848525 | AD38: =IF($AC38="X","X",IF($AC38<0.1,"X",IF($AC38<0.27,"IRV60",IF($AC38<0.91,"IRV80",IF($AC38<1.1,"IRV100",IF($AC38<1.3,"IRV120",IF($AC38<1.6,"IRV150",IF($AC38<2.2,"IRV200",IF($AC38<2.7,"IRV300",IF($AC38<4.3,"IRV400",IF($AC38<6.8,"IRV500","X"))))))))))) -> IRV200
A39: SC | D39: DR2609 | G39: SCT Scribe Chuck4 Z | H39: =E39&F39&" "&G39 -> SCT Scribe Chuck4 Z | I39: =IF(OR(LEFT(O39,3)="SGL",LEFT(O39,5)="SGMCS"),"LINEAR","Rotary") -> Rotary | J39: =IF(OR(RIGHT($H39,1)="Z",LEFT(RIGHT($H39,2),1)="Z",LEFT(RIGHT($H39,3),1)="Z"),"Z",IF(OR(RIGHT($H39,1)="X",LEFT(RIGHT($H39,2),1)="X",LEFT(RIGHT($H39,3),1)="X"),"X",IF(OR(RIGHT($H39,1)="Y",LEFT(RIGHT($H39,2),1)="Y",LEFT(RIGHT($H39,3),1)="Y"),"Y","T"))) -> Z | K39: =VLOOKUP($D39,[4]회선정보!B:F,3,FALSE) -> 0 | L39: =VLOOKUP($D39,[4]회선정보!B:F,4,FALSE) -> 9 | M39: =VLOOKUP($D39,[4]회선정보!B:F,5,FALSE) -> MP6-1 | O39: SGM7J-A5A7A21 | P39: =IFERROR(IF($I39="Rotary",LEFT($O39,9),$O39),"") -> SGM7J-A5A | Q39: =IF(MID($N38,5,1)<>"W",VLOOKUP(N39,[4]정격용량!$B$3:$K$633,4,FALSE),"X") -> X | R39: =IF(MID(N38,5,1)<>"W",VLOOKUP(N39,[4]정격용량!$B$3:$K$633,3,FALSE),"X") -> X | S39: =IF(MID(N38,5,1)<>"W",VLOOKUP(N39,[4]정격용량!$B$3:$K$633,6,FALSE),"X") -> X | T39: =IF(MID($N38,5,1)<>"W",S39*$C$85,"X") -> X | U39: =IF(MID($N38,5,1)<>"W",VLOOKUP(N39,[4]정격용량!$B$3:$K$633,9,FALSE),"X") -> X | V39: =IFERROR(IF(J39="Z",VLOOKUP(P39,'[4]SERVO CABLE'!G:AD,8,FALSE),VLOOKUP(P39,'[4]SERVO CABLE'!G:AD,4,FALSE)),"") -> JZSP-C7M14F-□-E | W39: =IFERROR(VLOOKUP(P39,'[4]SERVO CABLE'!G:AD,17,FALSE),"") -> JZSP-C7PA2D-□-E | Y39: 3 | Z39: =IF($Y39=1,$R$9,"") | AA39: =IF($Y39=2,$R$9,"") | AB39: =IF($Y39=3,$R$9,"") -> 0.25 | AC39: =IF(MID($N38,5,1)<>"W",((700*700)/$Q39*1.509)/1000,"X") -> X | AD39: =IF($AC39="X","X",IF($AC39<0.1,"X",IF($AC39<0.27,"IRV60",IF($AC39<0.91,"IRV80",IF($AC39<1.1,"IRV100",IF($AC39<1.3,"IRV120",IF($AC39<1.6,"IRV150",IF($AC39<2.2,"IRV200",IF($AC39<2.7,"IRV300",IF($AC39<4.3,"IRV400",IF($AC39<6.8,"IRV500","X"))))))))))) -> X
A40: SC | D40: DR260A | G40: SCT Scribe Chuck5 Z | H40: =E40&F40&" "&G40 -> SCT Scribe Chuck5 Z | I40: =IF(OR(LEFT(O40,3)="SGL",LEFT(O40,5)="SGMCS"),"LINEAR","Rotary") -> Rotary | J40: =IF(OR(RIGHT($H40,1)="Z",LEFT(RIGHT($H40,2),1)="Z",LEFT(RIGHT($H40,3),1)="Z"),"Z",IF(OR(RIGHT($H40,1)="X",LEFT(RIGHT($H40,2),1)="X",LEFT(RIGHT($H40,3),1)="X"),"X",IF(OR(RIGHT($H40,1)="Y",LEFT(RIGHT($H40,2),1)="Y",LEFT(RIGHT($H40,3),1)="Y"),"Y","T"))) -> Z | K40: =VLOOKUP($D40,[4]회선정보!B:F,3,FALSE) -> 0 | L40: =VLOOKUP($D40,[4]회선정보!B:F,4,FALSE) -> A | M40: =VLOOKUP($D40,[4]회선정보!B:F,5,FALSE) -> MP6-1 | N40: SGD7W-1R6A20A | O40: SGM7J-A5A7A21 | P40: =IFERROR(IF($I40="Rotary",LEFT($O40,9),$O40),"") -> SGM7J-A5A | Q40: =IF(MID($N39,5,1)<>"W",VLOOKUP(N40,[4]정격용량!$B$3:$K$633,4,FALSE),"X") -> 400 | R40: =IF(MID(N39,5,1)<>"W",VLOOKUP(N40,[4]정격용량!$B$3:$K$633,3,FALSE),"X") -> 0.3 | S40: =IF(MID(N39,5,1)<>"W",VLOOKUP(N40,[4]정격용량!$B$3:$K$633,6,FALSE),"X") -> 2.5 | T40: =IF(MID($N39,5,1)<>"W",S40*$C$85,"X") -> 0.94565217 | U40: =IF(MID($N39,5,1)<>"W",VLOOKUP(N40,[4]정격용량!$B$3:$K$633,9,FALSE),"X") -> 3 | V40: =IFERROR(IF(J40="Z",VLOOKUP(P40,'[4]SERVO CABLE'!G:AD,8,FALSE),VLOOKUP(P40,'[4]SERVO CABLE'!G:AD,4,FALSE)),"") -> JZSP-C7M14F-□-E | W40: =IFERROR(VLOOKUP(P40,'[4]SERVO CABLE'!G:AD,17,FALSE),"") -> JZSP-C7PA2D-□-E | Z40: =IF($Y40=1,$R$9,"") | AA40: =IF($Y40=2,$R$9,"") | AB40: =IF($Y40=3,$R$9,"") | AC40: =IF(MID($N39,5,1)<>"W",((700*700)/$Q40*1.509)/1000,"X") -> 1.848525 | AD40: =IF($AC40="X","X",IF($AC40<0.1,"X",IF($AC40<0.27,"IRV60",IF($AC40<0.91,"IRV80",IF($AC40<1.1,"IRV100",IF($AC40<1.3,"IRV120",IF($AC40<1.6,"IRV150",IF($AC40<2.2,"IRV200",IF($AC40<2.7,"IRV300",IF($AC40<4.3,"IRV400",IF($AC40<6.8,"IRV500","X"))))))))))) -> IRV200
A41: SC | D41: DR260B | G41: SCT Scribe Chuck6 Z | H41: =E41&F41&" "&G41 -> SCT Scribe Chuck6 Z | I41: =IF(OR(LEFT(O41,3)="SGL",LEFT(O41,5)="SGMCS"),"LINEAR","Rotary") -> Rotary | J41: =IF(OR(RIGHT($H41,1)="Z",LEFT(RIGHT($H41,2),1)="Z",LEFT(RIGHT($H41,3),1)="Z"),"Z",IF(OR(RIGHT($H41,1)="X",LEFT(RIGHT($H41,2),1)="X",LEFT(RIGHT($H41,3),1)="X"),"X",IF(OR(RIGHT($H41,1)="Y",LEFT(RIGHT($H41,2),1)="Y",LEFT(RIGHT($H41,3),1)="Y"),"Y","T"))) -> Z | K41: =VLOOKUP($D41,[4]회선정보!B:F,3,FALSE) -> 0 | L41: =VLOOKUP($D41,[4]회선정보!B:F,4,FALSE) -> B | M41: =VLOOKUP($D41,[4]회선정보!B:F,5,FALSE) -> MP6-1 | O41: SGM7J-A5A7A21 | P41: =IFERROR(IF($I41="Rotary",LEFT($O41,9),$O41),"") -> SGM7J-A5A | Q41: =IF(MID($N40,5,1)<>"W",VLOOKUP(N41,[4]정격용량!$B$3:$K$633,4,FALSE),"X") -> X | R41: =IF(MID(N40,5,1)<>"W",VLOOKUP(N41,[4]정격용량!$B$3:$K$633,3,FALSE),"X") -> X | S41: =IF(MID(N40,5,1)<>"W",VLOOKUP(N41,[4]정격용량!$B$3:$K$633,6,FALSE),"X") -> X | T41: =IF(MID($N40,5,1)<>"W",S41*$C$85,"X") -> X | U41: =IF(MID($N40,5,1)<>"W",VLOOKUP(N41,[4]정격용량!$B$3:$K$633,9,FALSE),"X") -> X | V41: =IFERROR(IF(J41="Z",VLOOKUP(P41,'[4]SERVO CABLE'!G:AD,8,FALSE),VLOOKUP(P41,'[4]SERVO CABLE'!G:AD,4,FALSE)),"") -> JZSP-C7M14F-□-E | W41: =IFERROR(VLOOKUP(P41,'[4]SERVO CABLE'!G:AD,17,FALSE),"") -> JZSP-C7PA2D-□-E | Y41: 1 | Z41: =IF($Y41=1,$R$9,"") -> 0.25 | AA41: =IF($Y41=2,$R$9,"") | AB41: =IF($Y41=3,$R$9,"") | AC41: =IF(MID($N40,5,1)<>"W",((700*700)/$Q41*1.509)/1000,"X") -> X | AD41: =IF($AC41="X","X",IF($AC41<0.1,"X",IF($AC41<0.27,"IRV60",IF($AC41<0.91,"IRV80",IF($AC41<1.1,"IRV100",IF($AC41<1.3,"IRV120",IF($AC41<1.6,"IRV150",IF($AC41<2.2,"IRV200",IF($AC41<2.7,"IRV300",IF($AC41<4.3,"IRV400",IF($AC41<6.8,"IRV500","X"))))))))))) -> X
A42: SC | D42: DR260C | G42: SCT Scribe Chuck7 Z | H42: =E42&F42&" "&G42 -> SCT Scribe Chuck7 Z | I42: =IF(OR(LEFT(O42,3)="SGL",LEFT(O42,5)="SGMCS"),"LINEAR","Rotary") -> Rotary | J42: =IF(OR(RIGHT($H42,1)="Z",LEFT(RIGHT($H42,2),1)="Z",LEFT(RIGHT($H42,3),1)="Z"),"Z",IF(OR(RIGHT($H42,1)="X",LEFT(RIGHT($H42,2),1)="X",LEFT(RIGHT($H42,3),1)="X"),"X",IF(OR(RIGHT($H42,1)="Y",LEFT(RIGHT($H42,2),1)="Y",LEFT(RIGHT($H42,3),1)="Y"),"Y","T"))) -> Z | K42: =VLOOKUP($D42,[4]회선정보!B:F,3,FALSE) -> 0 | L42: =VLOOKUP($D42,[4]회선정보!B:F,4,FALSE) -> C | M42: =VLOOKUP($D42,[4]회선정보!B:F,5,FALSE) -> MP6-1 | N42: SGD7W-1R6A20A | O42: SGM7J-A5A7A21 | P42: =IFERROR(IF($I42="Rotary",LEFT($O42,9),$O42),"") -> SGM7J-A5A | Q42: =IF(MID($N41,5,1)<>"W",VLOOKUP(N42,[4]정격용량!$B$3:$K$633,4,FALSE),"X") -> 400 | R42: =IF(MID(N41,5,1)<>"W",VLOOKUP(N42,[4]정격용량!$B$3:$K$633,3,FALSE),"X") -> 0.3 | S42: =IF(MID(N41,5,1)<>"W",VLOOKUP(N42,[4]정격용량!$B$3:$K$633,6,FALSE),"X") -> 2.5 | T42: =IF(MID($N41,5,1)<>"W",S42*$C$85,"X") -> 0.94565217 | U42: =IF(MID($N41,5,1)<>"W",VLOOKUP(N42,[4]정격용량!$B$3:$K$633,9,FALSE),"X") -> 3 | V42: =IFERROR(IF(J42="Z",VLOOKUP(P42,'[4]SERVO CABLE'!G:AD,8,FALSE),VLOOKUP(P42,'[4]SERVO CABLE'!G:AD,4,FALSE)),"") -> JZSP-C7M14F-□-E | W42: =IFERROR(VLOOKUP(P42,'[4]SERVO CABLE'!G:AD,17,FALSE),"") -> JZSP-C7PA2D-□-E | Y42: 2 | Z42: =IF($Y42=1,$R$9,"") | AA42: =IF($Y42=2,$R$9,"") -> 0.25 | AB42: =IF($Y42=3,$R$9,"") | AC42: =IF(MID($N41,5,1)<>"W",((700*700)/$Q42*1.509)/1000,"X") -> 1.848525 | AD42: =IF($AC42="X","X",IF($AC42<0.1,"X",IF($AC42<0.27,"IRV60",IF($AC42<0.91,"IRV80",IF($AC42<1.1,"IRV100",IF($AC42<1.3,"IRV120",IF($AC42<1.6,"IRV150",IF($AC42<2.2,"IRV200",IF($AC42<2.7,"IRV300",IF($AC42<4.3,"IRV400",IF($AC42<6.8,"IRV500","X"))))))))))) -> IRV200
A43: SC | D43: DR260D | G43: SCT Scribe Chuck8 Z | H43: =E43&F43&" "&G43 -> SCT Scribe Chuck8 Z | I43: =IF(OR(LEFT(O43,3)="SGL",LEFT(O43,5)="SGMCS"),"LINEAR","Rotary") -> Rotary | J43: =IF(OR(RIGHT($H43,1)="Z",LEFT(RIGHT($H43,2),1)="Z",LEFT(RIGHT($H43,3),1)="Z"),"Z",IF(OR(RIGHT($H43,1)="X",LEFT(RIGHT($H43,2),1)="X",LEFT(RIGHT($H43,3),1)="X"),"X",IF(OR(RIGHT($H43,1)="Y",LEFT(RIGHT($H43,2),1)="Y",LEFT(RIGHT($H43,3),1)="Y"),"Y","T"))) -> Z | K43: =VLOOKUP($D43,[4]회선정보!B:F,3,FALSE) -> 0 | L43: =VLOOKUP($D43,[4]회선정보!B:F,4,FALSE) -> D | M43: =VLOOKUP($D43,[4]회선정보!B:F,5,FALSE) -> MP6-1 | O43: SGM7J-A5A7A21 | P43: =IFERROR(IF($I43="Rotary",LEFT($O43,9),$O43),"") -> SGM7J-A5A | Q43: =IF(MID($N42,5,1)<>"W",VLOOKUP(N43,[4]정격용량!$B$3:$K$633,4,FALSE),"X") -> X | R43: =IF(MID(N42,5,1)<>"W",VLOOKUP(N43,[4]정격용량!$B$3:$K$633,3,FALSE),"X") -> X | S43: =IF(MID(N42,5,1)<>"W",VLOOKUP(N43,[4]정격용량!$B$3:$K$633,6,FALSE),"X") -> X | T43: =IF(MID($N42,5,1)<>"W",S43*$C$85,"X") -> X | U43: =IF(MID($N42,5,1)<>"W",VLOOKUP(N43,[4]정격용량!$B$3:$K$633,9,FALSE),"X") -> X | V43: =IFERROR(IF(J43="Z",VLOOKUP(P43,'[4]SERVO CABLE'!G:AD,8,FALSE),VLOOKUP(P43,'[4]SERVO CABLE'!G:AD,4,FALSE)),"") -> JZSP-C7M14F-□-E | W43: =IFERROR(VLOOKUP(P43,'[4]SERVO CABLE'!G:AD,17,FALSE),"") -> JZSP-C7PA2D-□-E | Z43: =IF($Y43=1,$R$9,"") | AA43: =IF($Y43=2,$R$9,"") | AB43: =IF($Y43=3,$R$9,"") | AC43: =IF(MID($N42,5,1)<>"W",((700*700)/$Q43*1.509)/1000,"X") -> X | AD43: =IF($AC43="X","X",IF($AC43<0.1,"X",IF($AC43<0.27,"IRV60",IF($AC43<0.91,"IRV80",IF($AC43<1.1,"IRV100",IF($AC43<1.3,"IRV120",IF($AC43<1.6,"IRV150",IF($AC43<2.2,"IRV200",IF($AC43<2.7,"IRV300",IF($AC43<4.3,"IRV400",IF($AC43<6.8,"IRV500","X"))))))))))) -> X
A44: SC | D44: DR2703 | G44: SCT Break Push Bar Y-1 | H44: =E44&F44&" "&G44 -> SCT Break Push Bar Y-1 | I44: =IF(OR(LEFT(O44,3)="SGL",LEFT(O44,5)="SGMCS"),"LINEAR","Rotary") -> Rotary | J44: =IF(OR(RIGHT($H44,1)="Z",LEFT(RIGHT($H44,2),1)="Z",LEFT(RIGHT($H44,3),1)="Z"),"Z",IF(OR(RIGHT($H44,1)="X",LEFT(RIGHT($H44,2),1)="X",LEFT(RIGHT($H44,3),1)="X"),"X",IF(OR(RIGHT($H44,1)="Y",LEFT(RIGHT($H44,2),1)="Y",LEFT(RIGHT($H44,3),1)="Y"),"Y","T"))) -> Y | K44: =VLOOKUP($D44,[4]회선정보!B:F,3,FALSE) -> 0 | L44: =VLOOKUP($D44,[4]회선정보!B:F,4,FALSE) -> 3 | M44: =VLOOKUP($D44,[4]회선정보!B:F,5,FALSE) -> MP7-1 | N44: SGD7W-5R5A20A | O44: SGM7J-08A7A21 | P44: =IFERROR(IF($I44="Rotary",LEFT($O44,9),$O44),"") -> SGM7J-08A | Q44: =IF(MID($N43,5,1)<>"W",VLOOKUP(N44,[4]정격용량!$B$3:$K$633,4,FALSE),"X") -> 1500 | R44: =IF(MID(N43,5,1)<>"W",VLOOKUP(N44,[4]정격용량!$B$3:$K$633,3,FALSE),"X") -> 0.3 | S44: =IF(MID(N43,5,1)<>"W",VLOOKUP(N44,[4]정격용량!$B$3:$K$633,6,FALSE),"X") -> 7.8 | T44: =IF(MID($N43,5,1)<>"W",S44*$C$85,"X") -> 2.9504348 | U44: =IF(MID($N43,5,1)<>"W",VLOOKUP(N44,[4]정격용량!$B$3:$K$633,9,FALSE),"X") -> 10 | V44: =IFERROR(IF(J44="Z",VLOOKUP(P44,'[4]SERVO CABLE'!G:AD,8,FALSE),VLOOKUP(P44,'[4]SERVO CABLE'!G:AD,4,FALSE)),"") -> JZSP-C7M32F-□-E | W44: =IFERROR(VLOOKUP(P44,'[4]SERVO CABLE'!G:AD,17,FALSE),"") -> JZSP-C7PA2D-□-E | Y44: 3 | Z44: =IF($Y44=1,$R$9,"") | AA44: =IF($Y44=2,$R$9,"") | AB44: =IF($Y44=3,$R$9,"") -> 0.25 | AC44: =IF(MID($N43,5,1)<>"W",((700*700)/$Q44*1.509)/1000,"X") -> 0.49294 | AD44: =IF($AC44="X","X",IF($AC44<0.1,"X",IF($AC44<0.27,"IRV60",IF($AC44<0.91,"IRV80",IF($AC44<1.1,"IRV100",IF($AC44<1.3,"IRV120",IF($AC44<1.6,"IRV150",IF($AC44<2.2,"IRV200",IF($AC44<2.7,"IRV300",IF($AC44<4.3,"IRV400",IF($AC44<6.8,"IRV500","X"))))))))))) -> IRV80
A45: SC | D45: DR2704 | G45: SCT Break Push Bar Y-2 | H45: =E45&F45&" "&G45 -> SCT Break Push Bar Y-2 | I45: =IF(OR(LEFT(O45,3)="SGL",LEFT(O45,5)="SGMCS"),"LINEAR","Rotary") -> Rotary | J45: =IF(OR(RIGHT($H45,1)="Z",LEFT(RIGHT($H45,2),1)="Z",LEFT(RIGHT($H45,3),1)="Z"),"Z",IF(OR(RIGHT($H45,1)="X",LEFT(RIGHT($H45,2),1)="X",LEFT(RIGHT($H45,3),1)="X"),"X",IF(OR(RIGHT($H45,1)="Y",LEFT(RIGHT($H45,2),1)="Y",LEFT(RIGHT($H45,3),1)="Y"),"Y","T"))) -> Y | K45: =VLOOKUP($D45,[4]회선정보!B:F,3,FALSE) -> 0 | L45: =VLOOKUP($D45,[4]회선정보!B:F,4,FALSE) -> 4 | M45: =VLOOKUP($D45,[4]회선정보!B:F,5,FALSE) -> MP7-1 | O45: SGM7J-08A7A21 | P45: =IFERROR(IF($I45="Rotary",LEFT($O45,9),$O45),"") -> SGM7J-08A | Q45: =IF(MID($N44,5,1)<>"W",VLOOKUP(N45,[4]정격용량!$B$3:$K$633,4,FALSE),"X") -> X | R45: =IF(MID(N44,5,1)<>"W",VLOOKUP(N45,[4]정격용량!$B$3:$K$633,3,FALSE),"X") -> X | S45: =IF(MID(N44,5,1)<>"W",VLOOKUP(N45,[4]정격용량!$B$3:$K$633,6,FALSE),"X") -> X | T45: =IF(MID($N44,5,1)<>"W",S45*$C$85,"X") -> X | U45: =IF(MID($N44,5,1)<>"W",VLOOKUP(N45,[4]정격용량!$B$3:$K$633,9,FALSE),"X") -> X | V45: =IFERROR(IF(J45="Z",VLOOKUP(P45,'[4]SERVO CABLE'!G:AD,8,FALSE),VLOOKUP(P45,'[4]SERVO CABLE'!G:AD,4,FALSE)),"") -> JZSP-C7M32F-□-E | W45: =IFERROR(VLOOKUP(P45,'[4]SERVO CABLE'!G:AD,17,FALSE),"") -> JZSP-C7PA2D-□-E | Z45: =IF($Y45=1,$R$9,"") | AA45: =IF($Y45=2,$R$9,"") | AB45: =IF($Y45=3,$R$9,"") | AC45: =IF(MID($N44,5,1)<>"W",((700*700)/$Q45*1.509)/1000,"X") -> X | AD45: =IF($AC45="X","X",IF($AC45<0.1,"X",IF($AC45<0.27,"IRV60",IF($AC45<0.91,"IRV80",IF($AC45<1.1,"IRV100",IF($AC45<1.3,"IRV120",IF($AC45<1.6,"IRV150",IF($AC45<2.2,"IRV200",IF($AC45<2.7,"IRV300",IF($AC45<4.3,"IRV400",IF($AC45<6.8,"IRV500","X"))))))))))) -> X
A46: SC | D46: DR2705 | G46: SCT Break Push Bar Z-1 | H46: =E46&F46&" "&G46 -> SCT Break Push Bar Z-1 | I46: =IF(OR(LEFT(O46,3)="SGL",LEFT(O46,5)="SGMCS"),"LINEAR","Rotary") -> Rotary | J46: =IF(OR(RIGHT($H46,1)="Z",LEFT(RIGHT($H46,2),1)="Z",LEFT(RIGHT($H46,3),1)="Z"),"Z",IF(OR(RIGHT($H46,1)="X",LEFT(RIGHT($H46,2),1)="X",LEFT(RIGHT($H46,3),1)="X"),"X",IF(OR(RIGHT($H46,1)="Y",LEFT(RIGHT($H46,2),1)="Y",LEFT(RIGHT($H46,3),1)="Y"),"Y","T"))) -> Z | K46: =VLOOKUP($D46,[4]회선정보!B:F,3,FALSE) -> 0 | L46: =VLOOKUP($D46,[4]회선정보!B:F,4,FALSE) -> 5 | M46: =VLOOKUP($D46,[4]회선정보!B:F,5,FALSE) -> MP7-1 | N46: SGD7W-5R5A20A | O46: SGM7J-08A7A2C | P46: =IFERROR(IF($I46="Rotary",LEFT($O46,9),$O46),"") -> SGM7J-08A | Q46: =IF(MID($N45,5,1)<>"W",VLOOKUP(N46,[4]정격용량!$B$3:$K$633,4,FALSE),"X") -> 1500 | R46: =IF(MID(N45,5,1)<>"W",VLOOKUP(N46,[4]정격용량!$B$3:$K$633,3,FALSE),"X") -> 0.3 | S46: =IF(MID(N45,5,1)<>"W",VLOOKUP(N46,[4]정격용량!$B$3:$K$633,6,FALSE),"X") -> 7.8 | T46: =IF(MID($N45,5,1)<>"W",S46*$C$85,"X") -> 2.9504348 | U46: =IF(MID($N45,5,1)<>"W",VLOOKUP(N46,[4]정격용량!$B$3:$K$633,9,FALSE),"X") -> 10 | V46: =IFERROR(IF(J46="Z",VLOOKUP(P46,'[4]SERVO CABLE'!G:AD,8,FALSE),VLOOKUP(P46,'[4]SERVO CABLE'!G:AD,4,FALSE)),"") -> JZSP-C7M34F-□-E | W46: =IFERROR(VLOOKUP(P46,'[4]SERVO CABLE'!G:AD,17,FALSE),"") -> JZSP-C7PA2D-□-E | Y46: 1 | Z46: =IF($Y46=1,$R$9,"") -> 0.25 | AA46: =IF($Y46=2,$R$9,"") | AB46: =IF($Y46=3,$R$9,"") | AC46: =IF(MID($N45,5,1)<>"W",((700*700)/$Q46*1.509)/1000,"X") -> 0.49294 | AD46: =IF($AC46="X","X",IF($AC46<0.1,"X",IF($AC46<0.27,"IRV60",IF($AC46<0.91,"IRV80",IF($AC46<1.1,"IRV100",IF($AC46<1.3,"IRV120",IF($AC46<1.6,"IRV150",IF($AC46<2.2,"IRV200",IF($AC46<2.7,"IRV300",IF($AC46<4.3,"IRV400",IF($AC46<6.8,"IRV500","X"))))))))))) -> IRV80
A47: SC | D47: DR2706 | G47: SCT Break Push Bar Z-2 | H47: =E47&F47&" "&G47 -> SCT Break Push Bar Z-2 | I47: =IF(OR(LEFT(O47,3)="SGL",LEFT(O47,5)="SGMCS"),"LINEAR","Rotary") -> Rotary | J47: =IF(OR(RIGHT($H47,1)="Z",LEFT(RIGHT($H47,2),1)="Z",LEFT(RIGHT($H47,3),1)="Z"),"Z",IF(OR(RIGHT($H47,1)="X",LEFT(RIGHT($H47,2),1)="X",LEFT(RIGHT($H47,3),1)="X"),"X",IF(OR(RIGHT($H47,1)="Y",LEFT(RIGHT($H47,2),1)="Y",LEFT(RIGHT($H47,3),1)="Y"),"Y","T"))) -> Z | K47: =VLOOKUP($D47,[4]회선정보!B:F,3,FALSE) -> 0 | L47: =VLOOKUP($D47,[4]회선정보!B:F,4,FALSE) -> 6 | M47: =VLOOKUP($D47,[4]회선정보!B:F,5,FALSE) -> MP7-1 | O47: SGM7J-08A7A2C | P47: =IFERROR(IF($I47="Rotary",LEFT($O47,9),$O47),"") -> SGM7J-08A | Q47: =IF(MID($N46,5,1)<>"W",VLOOKUP(N47,[4]정격용량!$B$3:$K$633,4,FALSE),"X") -> X | R47: =IF(MID(N46,5,1)<>"W",VLOOKUP(N47,[4]정격용량!$B$3:$K$633,3,FALSE),"X") -> X | S47: =IF(MID(N46,5,1)<>"W",VLOOKUP(N47,[4]정격용량!$B$3:$K$633,6,FALSE),"X") -> X | T47: =IF(MID($N46,5,1)<>"W",S47*$C$85,"X") -> X | U47: =IF(MID($N46,5,1)<>"W",VLOOKUP(N47,[4]정격용량!$B$3:$K$633,9,FALSE),"X") -> X | V47: =IFERROR(IF(J47="Z",VLOOKUP(P47,'[4]SERVO CABLE'!G:AD,8,FALSE),VLOOKUP(P47,'[4]SERVO CABLE'!G:AD,4,FALSE)),"") -> JZSP-C7M34F-□-E | W47: =IFERROR(VLOOKUP(P47,'[4]SERVO CABLE'!G:AD,17,FALSE),"") -> JZSP-C7PA2D-□-E | Z47: =IF($Y47=1,$R$9,"") | AA47: =IF($Y47=2,$R$9,"") | AB47: =IF($Y47=3,$R$9,"") | AC47: =IF(MID($N46,5,1)<>"W",((700*700)/$Q47*1.509)/1000,"X") -> X | AD47: =IF($AC47="X","X",IF($AC47<0.1,"X",IF($AC47<0.27,"IRV60",IF($AC47<0.91,"IRV80",IF($AC47<1.1,"IRV100",IF($AC47<1.3,"IRV120",IF($AC47<1.6,"IRV150",IF($AC47<2.2,"IRV200",IF($AC47<2.7,"IRV300",IF($AC47<4.3,"IRV400",IF($AC47<6.8,"IRV500","X"))))))))))) -> X
A48: SC | D48: DR2708 | G48: SCT Break Table Y-1 | H48: =E48&F48&" "&G48 -> SCT Break Table Y-1 | I48: =IF(OR(LEFT(O48,3)="SGL",LEFT(O48,5)="SGMCS"),"LINEAR","Rotary") -> Rotary | J48: =IF(OR(RIGHT($H48,1)="Z",LEFT(RIGHT($H48,2),1)="Z",LEFT(RIGHT($H48,3),1)="Z"),"Z",IF(OR(RIGHT($H48,1)="X",LEFT(RIGHT($H48,2),1)="X",LEFT(RIGHT($H48,3),1)="X"),"X",IF(OR(RIGHT($H48,1)="Y",LEFT(RIGHT($H48,2),1)="Y",LEFT(RIGHT($H48,3),1)="Y"),"Y","T"))) -> Y | K48: =VLOOKUP($D48,[4]회선정보!B:F,3,FALSE) -> 0 | L48: =VLOOKUP($D48,[4]회선정보!B:F,4,FALSE) -> 8 | M48: =VLOOKUP($D48,[4]회선정보!B:F,5,FALSE) -> MP7-1 | N48: SGD7W-7R6A20A | O48: SGM7G-09A7D61 | P48: =IFERROR(IF($I48="Rotary",LEFT($O48,9),$O48),"") -> SGM7G-09A | Q48: =IF(MID($N47,5,1)<>"W",VLOOKUP(N48,[4]정격용량!$B$3:$K$633,4,FALSE),"X") -> 2000 | R48: =IF(MID(N47,5,1)<>"W",VLOOKUP(N48,[4]정격용량!$B$3:$K$633,3,FALSE),"X") -> 0.3 | S48: =IF(MID(N47,5,1)<>"W",VLOOKUP(N48,[4]정격용량!$B$3:$K$633,6,FALSE),"X") -> 11 | T48: =IF(MID($N47,5,1)<>"W",S48*$C$85,"X") -> 4.1608696 | U48: =IF(MID($N47,5,1)<>"W",VLOOKUP(N48,[4]정격용량!$B$3:$K$633,9,FALSE),"X") -> 15 | V48: =IFERROR(IF(J48="Z",VLOOKUP(P48,'[4]SERVO CABLE'!G:AD,8,FALSE),VLOOKUP(P48,'[4]SERVO CABLE'!G:AD,4,FALSE)),"") -> JZSP-UVA122-□-E | W48: =IFERROR(VLOOKUP(P48,'[4]SERVO CABLE'!G:AD,17,FALSE),"") -> JZSP-CVP27-□-E | Y48: 2 | Z48: =IF($Y48=1,$R$9,"") | AA48: =IF($Y48=2,$R$9,"") -> 0.25 | AB48: =IF($Y48=3,$R$9,"") | AC48: =IF(MID($N47,5,1)<>"W",((700*700)/$Q48*1.509)/1000,"X") -> 0.369705 | AD48: =IF($AC48="X","X",IF($AC48<0.1,"X",IF($AC48<0.27,"IRV60",IF($AC48<0.91,"IRV80",IF($AC48<1.1,"IRV100",IF($AC48<1.3,"IRV120",IF($AC48<1.6,"IRV150",IF($AC48<2.2,"IRV200",IF($AC48<2.7,"IRV300",IF($AC48<4.3,"IRV400",IF($AC48<6.8,"IRV500","X"))))))))))) -> IRV80
A49: SC | D49: DR2709 | G49: SCT Break Table Y-2 | H49: =E49&F49&" "&G49 -> SCT Break Table Y-2 | I49: =IF(OR(LEFT(O49,3)="SGL",LEFT(O49,5)="SGMCS"),"LINEAR","Rotary") -> Rotary | J49: =IF(OR(RIGHT($H49,1)="Z",LEFT(RIGHT($H49,2),1)="Z",LEFT(RIGHT($H49,3),1)="Z"),"Z",IF(OR(RIGHT($H49,1)="X",LEFT(RIGHT($H49,2),1)="X",LEFT(RIGHT($H49,3),1)="X"),"X",IF(OR(RIGHT($H49,1)="Y",LEFT(RIGHT($H49,2),1)="Y",LEFT(RIGHT($H49,3),1)="Y"),"Y","T"))) -> Y | K49: =VLOOKUP($D49,[4]회선정보!B:F,3,FALSE) -> 0 | L49: =VLOOKUP($D49,[4]회선정보!B:F,4,FALSE) -> 9 | M49: =VLOOKUP($D49,[4]회선정보!B:F,5,FALSE) -> MP7-1 | O49: SGM7G-09A7D61 | P49: =IFERROR(IF($I49="Rotary",LEFT($O49,9),$O49),"") -> SGM7G-09A | Q49: =IF(MID($N48,5,1)<>"W",VLOOKUP(N49,[4]정격용량!$B$3:$K$633,4,FALSE),"X") -> X | R49: =IF(MID(N48,5,1)<>"W",VLOOKUP(N49,[4]정격용량!$B$3:$K$633,3,FALSE),"X") -> X | S49: =IF(MID(N48,5,1)<>"W",VLOOKUP(N49,[4]정격용량!$B$3:$K$633,6,FALSE),"X") -> X | T49: =IF(MID($N48,5,1)<>"W",S49*$C$85,"X") -> X | U49: =IF(MID($N48,5,1)<>"W",VLOOKUP(N49,[4]정격용량!$B$3:$K$633,9,FALSE),"X") -> X | V49: =IFERROR(IF(J49="Z",VLOOKUP(P49,'[4]SERVO CABLE'!G:AD,8,FALSE),VLOOKUP(P49,'[4]SERVO CABLE'!G:AD,4,FALSE)),"") -> JZSP-UVA122-□-E | W49: =IFERROR(VLOOKUP(P49,'[4]SERVO CABLE'!G:AD,17,FALSE),"") -> JZSP-CVP27-□-E | Y49: 3 | Z49: =IF($Y49=1,$R$9,"") | AA49: =IF($Y49=2,$R$9,"") | AB49: =IF($Y49=3,$R$9,"") -> 0.25 | AC49: =IF(MID($N48,5,1)<>"W",((700*700)/$Q49*1.509)/1000,"X") -> X | AD49: =IF($AC49="X","X",IF($AC49<0.1,"X",IF($AC49<0.27,"IRV60",IF($AC49<0.91,"IRV80",IF($AC49<1.1,"IRV100",IF($AC49<1.3,"IRV120",IF($AC49<1.6,"IRV150",IF($AC49<2.2,"IRV200",IF($AC49<2.7,"IRV300",IF($AC49<4.3,"IRV400",IF($AC49<6.8,"IRV500","X"))))))))))) -> X
A50: SC | D50: DR270B | G50: SCT Break Table Z-1 | H50: =E50&F50&" "&G50 -> SCT Break Table Z-1 | I50: =IF(OR(LEFT(O50,3)="SGL",LEFT(O50,5)="SGMCS"),"LINEAR","Rotary") -> Rotary | J50: =IF(OR(RIGHT($H50,1)="Z",LEFT(RIGHT($H50,2),1)="Z",LEFT(RIGHT($H50,3),1)="Z"),"Z",IF(OR(RIGHT($H50,1)="X",LEFT(RIGHT($H50,2),1)="X",LEFT(RIGHT($H50,3),1)="X"),"X",IF(OR(RIGHT($H50,1)="Y",LEFT(RIGHT($H50,2),1)="Y",LEFT(RIGHT($H50,3),1)="Y"),"Y","T"))) -> Z | K50: =VLOOKUP($D50,[4]회선정보!B:F,3,FALSE) -> 0 | L50: =VLOOKUP($D50,[4]회선정보!B:F,4,FALSE) -> B | M50: =VLOOKUP($D50,[4]회선정보!B:F,5,FALSE) -> MP7-1 | N50: SGD7W-5R5A20A | O50: SGM7J-08A7A2C | P50: =IFERROR(IF($I50="Rotary",LEFT($O50,9),$O50),"") -> SGM7J-08A | Q50: =IF(MID($N49,5,1)<>"W",VLOOKUP(N50,[4]정격용량!$B$3:$K$633,4,FALSE),"X") -> 1500 | R50: =IF(MID(N49,5,1)<>"W",VLOOKUP(N50,[4]정격용량!$B$3:$K$633,3,FALSE),"X") -> 0.3 | S50: =IF(MID(N49,5,1)<>"W",VLOOKUP(N50,[4]정격용량!$B$3:$K$633,6,FALSE),"X") -> 7.8 | T50: =IF(MID($N49,5,1)<>"W",S50*$C$85,"X") -> 2.9504348 | U50: =IF(MID($N49,5,1)<>"W",VLOOKUP(N50,[4]정격용량!$B$3:$K$633,9,FALSE),"X") -> 10 | V50: =IFERROR(IF(J50="Z",VLOOKUP(P50,'[4]SERVO CABLE'!G:AD,8,FALSE),VLOOKUP(P50,'[4]SERVO CABLE'!G:AD,4,FALSE)),"") -> JZSP-C7M34F-□-E | W50: =IFERROR(VLOOKUP(P50,'[4]SERVO CABLE'!G:AD,17,FALSE),"") -> JZSP-C7PA2D-□-E | Y50: 1 | Z50: =IF($Y50=1,$R$9,"") -> 0.25 | AA50: =IF($Y50=2,$R$9,"") | AB50: =IF($Y50=3,$R$9,"") | AC50: =IF(MID($N49,5,1)<>"W",((700*700)/$Q50*1.509)/1000,"X") -> 0.49294 | AD50: =IF($AC50="X","X",IF($AC50<0.1,"X",IF($AC50<0.27,"IRV60",IF($AC50<0.91,"IRV80",IF($AC50<1.1,"IRV100",IF($AC50<1.3,"IRV120",IF($AC50<1.6,"IRV150",IF($AC50<2.2,"IRV200",IF($AC50<2.7,"IRV300",IF($AC50<4.3,"IRV400",IF($AC50<6.8,"IRV500","X"))))))))))) -> IRV80
A51: SC | D51: DR270C | G51: SCT Break Table Z-2 | H51: =E51&F51&" "&G51 -> SCT Break Table Z-2 | I51: =IF(OR(LEFT(O51,3)="SGL",LEFT(O51,5)="SGMCS"),"LINEAR","Rotary") -> Rotary | J51: =IF(OR(RIGHT($H51,1)="Z",LEFT(RIGHT($H51,2),1)="Z",LEFT(RIGHT($H51,3),1)="Z"),"Z",IF(OR(RIGHT($H51,1)="X",LEFT(RIGHT($H51,2),1)="X",LEFT(RIGHT($H51,3),1)="X"),"X",IF(OR(RIGHT($H51,1)="Y",LEFT(RIGHT($H51,2),1)="Y",LEFT(RIGHT($H51,3),1)="Y"),"Y","T"))) -> Z | K51: =VLOOKUP($D51,[4]회선정보!B:F,3,FALSE) -> 0 | L51: =VLOOKUP($D51,[4]회선정보!B:F,4,FALSE) -> C | M51: =VLOOKUP($D51,[4]회선정보!B:F,5,FALSE) -> MP7-1 | O51: SGM7J-08A7A2C | P51: =IFERROR(IF($I51="Rotary",LEFT($O51,9),$O51),"") -> SGM7J-08A | Q51: =IF(MID($N50,5,1)<>"W",VLOOKUP(N51,[4]정격용량!$B$3:$K$633,4,FALSE),"X") -> X | R51: =IF(MID(N50,5,1)<>"W",VLOOKUP(N51,[4]정격용량!$B$3:$K$633,3,FALSE),"X") -> X | S51: =IF(MID(N50,5,1)<>"W",VLOOKUP(N51,[4]정격용량!$B$3:$K$633,6,FALSE),"X") -> X | T51: =IF(MID($N50,5,1)<>"W",S51*$C$85,"X") -> X | U51: =IF(MID($N50,5,1)<>"W",VLOOKUP(N51,[4]정격용량!$B$3:$K$633,9,FALSE),"X") -> X | V51: =IFERROR(IF(J51="Z",VLOOKUP(P51,'[4]SERVO CABLE'!G:AD,8,FALSE),VLOOKUP(P51,'[4]SERVO CABLE'!G:AD,4,FALSE)),"") -> JZSP-C7M34F-□-E | W51: =IFERROR(VLOOKUP(P51,'[4]SERVO CABLE'!G:AD,17,FALSE),"") -> JZSP-C7PA2D-□-E | Z51: =IF($Y51=1,$R$9,"") | AA51: =IF($Y51=2,$R$9,"") | AB51: =IF($Y51=3,$R$9,"") | AC51: =IF(MID($N50,5,1)<>"W",((700*700)/$Q51*1.509)/1000,"X") -> X | AD51: =IF($AC51="X","X",IF($AC51<0.1,"X",IF($AC51<0.27,"IRV60",IF($AC51<0.91,"IRV80",IF($AC51<1.1,"IRV100",IF($AC51<1.3,"IRV120",IF($AC51<1.6,"IRV150",IF($AC51<2.2,"IRV200",IF($AC51<2.7,"IRV300",IF($AC51<4.3,"IRV400",IF($AC51<6.8,"IRV500","X"))))))))))) -> X
A52: SC | D52: DR270D | G52: SCT Break Table Z-3 | H52: =E52&F52&" "&G52 -> SCT Break Table Z-3 | I52: =IF(OR(LEFT(O52,3)="SGL",LEFT(O52,5)="SGMCS"),"LINEAR","Rotary") -> Rotary | J52: =IF(OR(RIGHT($H52,1)="Z",LEFT(RIGHT($H52,2),1)="Z",LEFT(RIGHT($H52,3),1)="Z"),"Z",IF(OR(RIGHT($H52,1)="X",LEFT(RIGHT($H52,2),1)="X",LEFT(RIGHT($H52,3),1)="X"),"X",IF(OR(RIGHT($H52,1)="Y",LEFT(RIGHT($H52,2),1)="Y",LEFT(RIGHT($H52,3),1)="Y"),"Y","T"))) -> Z | K52: =VLOOKUP($D52,[4]회선정보!B:F,3,FALSE) -> 0 | L52: =VLOOKUP($D52,[4]회선정보!B:F,4,FALSE) -> D | M52: =VLOOKUP($D52,[4]회선정보!B:F,5,FALSE) -> MP7-1 | N52: SGD7S-5R5A20A | O52: SGM7J-08A7A2C | P52: =IFERROR(IF($I52="Rotary",LEFT($O52,9),$O52),"") -> SGM7J-08A | Q52: =IF(MID($N51,5,1)<>"W",VLOOKUP(N52,[4]정격용량!$B$3:$K$633,4,FALSE),"X") -> 750 | R52: =IF(MID(N51,5,1)<>"W",VLOOKUP(N52,[4]정격용량!$B$3:$K$633,3,FALSE),"X") -> 0.2 | S52: =IF(MID(N51,5,1)<>"W",VLOOKUP(N52,[4]정격용량!$B$3:$K$633,6,FALSE),"X") -> 4.1 | T52: =IF(MID($N51,5,1)<>"W",S52*$C$85,"X") -> 1.5508696 | U52: =IF(MID($N51,5,1)<>"W",VLOOKUP(N52,[4]정격용량!$B$3:$K$633,9,FALSE),"X") -> 5 | V52: =IFERROR(IF(J52="Z",VLOOKUP(P52,'[4]SERVO CABLE'!G:AD,8,FALSE),VLOOKUP(P52,'[4]SERVO CABLE'!G:AD,4,FALSE)),"") -> JZSP-C7M34F-□-E | W52: =IFERROR(VLOOKUP(P52,'[4]SERVO CABLE'!G:AD,17,FALSE),"") -> JZSP-C7PA2D-□-E | Y52: 2 | Z52: =IF($Y52=1,$R$9,"") | AA52: =IF($Y52=2,$R$9,"") -> 0.25 | AB52: =IF($Y52=3,$R$9,"") | AC52: =IF(MID($N51,5,1)<>"W",((700*700)/$Q52*1.509)/1000,"X") -> 0.98588 | AD52: =IF($AC52="X","X",IF($AC52<0.1,"X",IF($AC52<0.27,"IRV60",IF($AC52<0.91,"IRV80",IF($AC52<1.1,"IRV100",IF($AC52<1.3,"IRV120",IF($AC52<1.6,"IRV150",IF($AC52<2.2,"IRV200",IF($AC52<2.7,"IRV300",IF($AC52<4.3,"IRV400",IF($AC52<6.8,"IRV500","X"))))))))))) -> IRV100
A53: SC | D53: DR270E | G53: SCT Break Table Tilt-1 | H53: =E53&F53&" "&G53 -> SCT Break Table Tilt-1 | I53: =IF(OR(LEFT(O53,3)="SGL",LEFT(O53,5)="SGMCS"),"LINEAR","Rotary") -> Rotary | J53: =IF(OR(RIGHT($H53,1)="Z",LEFT(RIGHT($H53,2),1)="Z",LEFT(RIGHT($H53,3),1)="Z"),"Z",IF(OR(RIGHT($H53,1)="X",LEFT(RIGHT($H53,2),1)="X",LEFT(RIGHT($H53,3),1)="X"),"X",IF(OR(RIGHT($H53,1)="Y",LEFT(RIGHT($H53,2),1)="Y",LEFT(RIGHT($H53,3),1)="Y"),"Y","T"))) -> T | K53: =VLOOKUP($D53,[4]회선정보!B:F,3,FALSE) -> 0 | L53: =VLOOKUP($D53,[4]회선정보!B:F,4,FALSE) -> E | M53: =VLOOKUP($D53,[4]회선정보!B:F,5,FALSE) -> MP7-1 | N53: SGD7W-2R8A20A | O53: SGM7J-04A7A2C | P53: =IFERROR(IF($I53="Rotary",LEFT($O53,9),$O53),"") -> SGM7J-04A | Q53: =IF(MID($N52,5,1)<>"W",VLOOKUP(N53,[4]정격용량!$B$3:$K$633,4,FALSE),"X") -> 800 | R53: =IF(MID(N52,5,1)<>"W",VLOOKUP(N53,[4]정격용량!$B$3:$K$633,3,FALSE),"X") -> 0.3 | S53: =IF(MID(N52,5,1)<>"W",VLOOKUP(N53,[4]정격용량!$B$3:$K$633,6,FALSE),"X") -> 4.7 | T53: =IF(MID($N52,5,1)<>"W",S53*$C$85,"X") -> 1.7778261 | U53: =IF(MID($N52,5,1)<>"W",VLOOKUP(N53,[4]정격용량!$B$3:$K$633,9,FALSE),"X") -> 7 | V53: =IFERROR(IF(J53="Z",VLOOKUP(P53,'[4]SERVO CABLE'!G:AD,8,FALSE),VLOOKUP(P53,'[4]SERVO CABLE'!G:AD,8,FALSE)),"") -> JZSP-C7M24F-□-E | W53: =IFERROR(VLOOKUP(P53,'[4]SERVO CABLE'!G:AD,17,FALSE),"") -> JZSP-C7PA2D-□-E | Z53: =IF($Y53=1,$R$9,"") | AA53: =IF($Y53=2,$R$9,"") | AB53: =IF($Y53=3,$R$9,"") | AC53: =IF(MID($N52,5,1)<>"W",((700*700)/$Q53*1.509)/1000,"X") -> 0.9242625 | AD53: =IF($AC53="X","X",IF($AC53<0.1,"X",IF($AC53<0.27,"IRV60",IF($AC53<0.91,"IRV80",IF($AC53<1.1,"IRV100",IF($AC53<1.3,"IRV120",IF($AC53<1.6,"IRV150",IF($AC53<2.2,"IRV200",IF($AC53<2.7,"IRV300",IF($AC53<4.3,"IRV400",IF($AC53<6.8,"IRV500","X"))))))))))) -> IRV100
A54: TR | D54: DR270F | G54: SCT Break Table Tilt-2 | H54: =E54&F54&" "&G54 -> SCT Break Table Tilt-2 | I54: =IF(OR(LEFT(O54,3)="SGL",LEFT(O54,5)="SGMCS"),"LINEAR","Rotary") -> Rotary | J54: =IF(OR(RIGHT($H54,1)="Z",LEFT(RIGHT($H54,2),1)="Z",LEFT(RIGHT($H54,3),1)="Z"),"Z",IF(OR(RIGHT($H54,1)="X",LEFT(RIGHT($H54,2),1)="X",LEFT(RIGHT($H54,3),1)="X"),"X",IF(OR(RIGHT($H54,1)="Y",LEFT(RIGHT($H54,2),1)="Y",LEFT(RIGHT($H54,3),1)="Y"),"Y","T"))) -> T | K54: =VLOOKUP($D54,[4]회선정보!B:F,3,FALSE) -> 0 | L54: =VLOOKUP($D54,[4]회선정보!B:F,4,FALSE) -> F | M54: =VLOOKUP($D54,[4]회선정보!B:F,5,FALSE) -> MP7-1 | O54: SGM7J-04A7A2C | P54: =IFERROR(IF($I54="Rotary",LEFT($O54,9),$O54),"") -> SGM7J-04A | Q54: =IF(MID($N53,5,1)<>"W",VLOOKUP(N54,[4]정격용량!$B$3:$K$633,4,FALSE),"X") -> X | R54: =IF(MID(N53,5,1)<>"W",VLOOKUP(N54,[4]정격용량!$B$3:$K$633,3,FALSE),"X") -> X | S54: =IF(MID(N53,5,1)<>"W",VLOOKUP(N54,[4]정격용량!$B$3:$K$633,6,FALSE),"X") -> X | T54: =IF(MID($N53,5,1)<>"W",S54*$C$85,"X") -> X | U54: =IF(MID($N53,5,1)<>"W",VLOOKUP(N54,[4]정격용량!$B$3:$K$633,9,FALSE),"X") -> X | V54: =IFERROR(IF(J54="Z",VLOOKUP(P54,'[4]SERVO CABLE'!G:AD,8,FALSE),VLOOKUP(P54,'[4]SERVO CABLE'!G:AD,8,FALSE)),"") -> JZSP-C7M24F-□-E | W54: =IFERROR(VLOOKUP(P54,'[4]SERVO CABLE'!G:AD,17,FALSE),"") -> JZSP-C7PA2D-□-E | Y54: 3 | Z54: =IF($Y54=1,$R$9,"") | AA54: =IF($Y54=2,$R$9,"") | AB54: =IF($Y54=3,$R$9,"") -> 0.25 | AC54: =IF(MID($N53,5,1)<>"W",((700*700)/$Q54*1.509)/1000,"X") -> X | AD54: =IF($AC54="X","X",IF($AC54<0.1,"X",IF($AC54<0.27,"IRV60",IF($AC54<0.91,"IRV80",IF($AC54<1.1,"IRV100",IF($AC54<1.3,"IRV120",IF($AC54<1.6,"IRV150",IF($AC54<2.2,"IRV200",IF($AC54<2.7,"IRV300",IF($AC54<4.3,"IRV400",IF($AC54<6.8,"IRV500","X"))))))))))) -> X
R55: =SUM(R9:R54) -> 7.63 | S55: =SUM(S9:S54) -> 165.1 | T55: =SUM(T9:T54) -> 62.45087 | Z55: =SUM(Z9:Z54) -> 2.25 | AA55: =SUM(AA9:AA54) -> 2.25 | AB55: =SUM(AB9:AB54) -> 2.25
B76: 제어전원 | C76: =SUM(R9:R54) -> 7.63 | D76: 전기사용량 | H76: MOTOR | I76: =SUM(T9:T54) -> 62.45087
B77: MOTOR전원 | C77: =SUM(S9:S54) -> 165.1 | H77: SERVO 제어전원 | N77: 가동율 기준 | O77: 전류 | W77: 항목 | X77: 용량 | Y77: MODEL
H78: PC | N78: =C85 -> 0.37826087 | O78: =T55 -> 62.45087 | W78: 제어전원합계 | X78: =R55 -> 7.63
B79: TOTAL AXIS | C79: =C80+C81+C82 -> 46 | H79: MONITOR | N79: 정격전류 합계[A] | O79: =S55 -> 165.1 | W79: UPS기타전원 | X79: ='[4]1-2. UPS1 기타전원 용량'!H53 -> 36.188552
B80: SCRIBE 축수 | C80: =COUNTIF(A:A,"SC") -> 29 | H80: SMPS | W80: =C85 -> 0.37826087 | X80: =O78 -> 62.45087
B81: 반송부축수 | C81: =COUNTIF(A:A,"TR") -> 12 | H81: MCR PC | N81: 단상 제어상평형 | R81: RS | S81: ST | T81: RT | W81: 100% NFB *1.25 | X81: =(X78+X79+X80)*1.25 -> 132.83678
B82: 기타 축수 | C82: =COUNTIF(A:A,"RE") -> 5 | H82: 조명 Controller | N82: 제어전원 | R82: =Z55 -> 2.25 | S82: =AA55 -> 2.25 | T82: =AB55 -> 2.25 | W82: 차단기 | X82: 125A | Y82: ABS103C 125A
B83: 부하율 | C83: 0.6 | H83: GECD SYSTEM | N83: 기타제어 | W83: MC | X83: 150A | Y83: MC-130a DC24V
B84: 가동율1 | C84: =MAX(C80:C82)/C79 -> 0.63043478 | H84: PLC 전원 | N84: 합계 | R84: =SUM(R82:R83) -> 2.25 | S84: =SUM(S82:S83) -> 2.25 | T84: =SUM(T82:T83) -> 2.25 | W84: NOISE FILTER | X84: 150A
B85: 가동율2 | C85: =1*C84*C83 -> 0.37826087 | H85: TOTAL | I85: =SUM(I76:I84) -> 62.45087 | N85: 상평형율 | R85: =1-(MIN(R84:T84)/MAX(R84:S84)) -> 0
P88: =IFERROR(IF(#REF!="Rotary",LEFT($O88,9),$O88),"")
P89: =IFERROR(IF(#REF!="Rotary",LEFT($O89,9),$O89),"")
P90: =IFERROR(IF(#REF!="Rotary",LEFT($O90,9),$O90),"")
P91: =IFERROR(IF(#REF!="Rotary",LEFT($O91,9),$O91),"")
P92: =IFERROR(IF(#REF!="Rotary",LEFT($O92,9),$O92),"")
P93: =IFERROR(IF(#REF!="Rotary",LEFT($O93,9),$O93),"")
P94: =IFERROR(IF(#REF!="Rotary",LEFT($O94,9),$O94),"")
P95: =IFERROR(IF($I95="Rotary",LEFT($O95,9),$O95),"") -> 0
P96: =IFERROR(IF($I96="Rotary",LEFT($O96,9),$O96),"") -> 0
P97: =IFERROR(IF($I97="Rotary",LEFT($O97,9),$O97),"") -> 0
P98: =IFERROR(IF($I98="Rotary",LEFT($O98,9),$O98),"") -> 0
P99: =IFERROR(IF($I99="Rotary",LEFT($O99,9),$O99),"") -> 0
P100: =IFERROR(IF($I100="Rotary",LEFT($O100,9),$O100),"") -> 0
P101: =IFERROR(IF($I101="Rotary",LEFT($O101,9),$O101),"") -> 0
P102: =IFERROR(IF($I102="Rotary",LEFT($O102,9),$O102),"") -> 0
P103: =IFERROR(IF($I103="Rotary",LEFT($O103,9),$O103),"") -> 0
P104: =IFERROR(IF($I104="Rotary",LEFT($O104,9),$O104),"") -> 0
P105: =IFERROR(IF($I105="Rotary",LEFT($O105,9),$O105),"") -> 0
P106: =IFERROR(IF($I106="Rotary",LEFT($O106,9),$O106),"") -> 0
... P604: =IFERROR(IF($I604="Rotary",LEFT($O604,9),$O604),"") -> 0

Sheet 3. PC3_AXIS CHECK LIST(CIM2)
A2: 3. PC3_Axis Check List(CIM2)
C4: 1. PC Check List | H4: 이 Page의 내용은 MDIK에서 체크 및 결과를 기록 한다. | S4: OK
S5: NG
D6: 1) Main PC Install | S6: SKIP
D7: NO | E7: 구성 | F7: 기기명 | G7: 기타 사항 | H7: 명칭 | I7: 명칭 약어 (최대 8개, - 제외) | M7: 1차 Check | Q7: 2차 Check
M8: 확인 일자 | N8: 결 과 | O8: 사 유 / 내용 | Q8: 확인 일자 | R8: 결 과 | S8: 사 유
D9: 1 | E9: 프로그램 & Option | F9: Antivirus | G9: AhnLab | H9: AhnLab V3 Internet Security 9.0
F10: Windows | G10: Microsoft | H10: Windows10 64Bit
F11: Excel | G11: Microsoft | H11: Office Home & Buseniss 2021
D17: NO | E17: 구성 | F17: 기기명 | G17: 설정 내용 | H17: 용도 명칭 | I17: 명칭 약어 (최대 8개, - 제외) | M17: 1차 Check | Q17: 2차 Check
M18: 확인 일자 | N18: 결 과 | O18: 사 유 / 내용 | Q18: 확인 일자 | R18: 결 과 | S18: 사 유
D19: 1 | E19: PC PORT | F19: CPU Board Lan Card | G19: Port 1 | H19: HUB#1
G20: Port 2 | H20: Host Ethernet Link
G21: Port 3
F22: Lan Card I350-T4V2 (Intel - 4 PORT) | G22: Port 1 | H22: Accura Power Meter ( UPS2 )
G23: Port 2 | H23: Accura Power Meter ( UPS3 )
G24: Port 3 | H24: ESD SENSOR ( LCCT )
G25: Port 4 | H25: ESD SENSOR ( RCCT )

Sheet 4. PC4_AXIS CHECK LIST(LCCT)
A2: 4. PC4_Axis Check List(LCCT)
C4: 1. PC Check List | H4: 이 Page의 내용은 MDIK에서 체크 및 결과를 기록 한다. | R4: OK
R5: NG
D6: 1) Main PC Install | R6: SKIP
D7: NO | E7: 구성 | F7: 기기명 | G7: 기타 사항 | H7: 명칭 | L7: 1차 Check | P7: 2차 Check
L8: 확인 일자 | M8: 결 과 | N8: 사 유 / 내용 | P8: 확인 일자 | Q8: 결 과 | R8: 사 유
D9: 1 | E9: 프로그램 & Option | F9: Antivirus | G9: AhnLab | H9: AhnLab V3 Internet Security 9.0
F10: Windows | G10: Microsoft | H10: Windows10 64Bit
F11: Excel | G11: Microsoft | H11: Office Home & Buseniss 2021
D17: NO | E17: 구성 | F17: 기기명 | G17: 설정 내용 | H17: 용도 명칭 | L17: 1차 Check | P17: 2차 Check
L18: 확인 일자 | M18: 결 과 | N18: 사 유 / 내용 | P18: 확인 일자 | Q18: 결 과 | R18: 사 유
D19: 1 | E19: PC PORT | F19: CPU Board Lan Card | G19: Port 1 | H19: HUB#2
G20: Port 2 | H20: RCCT MP3200
G21: Port 3
F22: Lan Card I350-T4V2 (Intel - 4Port) | G22: Port 1 | H22: LCCT ESD SPARE
G23: Port 2 | H23: UPS2 PM SPARE
G24: Port 3
G25: Port 4
F26: Moxa Card | G26: CP-118EL-A / RS232 | H26: 1 CH : Light Controller 2CH [RS232C] | I26: 33
H27: 2 CH : Light Controller 2CH [RS232C] | I27: 34
H28: 3 CH : | I28: 35
H29: 4 CH : | I29: 36
H30: 5 CH : | I30: 37
H31: 6 CH : Dust 02 [RS485] (온도계) | I31: 38
H32: 7 CH : Dust 02 [RS485] (압력계) | I32: 39
H33: 8 CH : Dust 02 [RS485] (기판) | I33: 40
H34: 9 CH :
H35: 10 CH :
H36: 11 CH :
H37: 12 CH :
H38: 13 CH :
H39: 14 CH :
H40: 15 CH :
H41: 16 CH :
F42: Moxa Card | G42: CP-116E-A / RS232,485 | H42: 1 CH : SMC05 [RS485] | I42: 17
H43: 2 CH : SMC06 [RS485] | I43: 18
H44: 3 CH : SMC07 [RS485] | I44: 19
H45: 4 CH : SMC08 [RS485] | I45: 20
H46: 5 CH : SMC09 [RS485] | I46: 21
H47: 6 CH : | I47: 22
H48: 7 CH : | I48: 23
H49: 8 CH : Temp Sensor [RS485] | I49: 24
H50: 9 CH : LCCT IONAZER #1 [RS485] | I50: 25
H51: 10 CH : LCCT IONAZER #2 [RS485] | I51: 26
H52: 11 CH : LCCT IONAZER #3 [RS485] | I52: 27
H53: 12 CH : LCCT IONAZER #4 [RS485] | I53: 28
H54: 13 CH : LCCT IONAZER #5 [RS485] | I54: 29
... H57: 16 CH : LCCT IONAZER #8 [RS485] | I57: 32
F58: Camera Board (FG-NA24-POE 4CH) | G58: Port 1 | H58: LCCTL Scribe Align Left Camera
G59: Port 2 | H59: LCCTL Scribe Align Right Camera
G60: Port 3 | H60: LCCTR Scribe Align Left Camera
G61: Port 4 | H61: LCCTR Scribe Align Right Camera
D62: 2 | E62: MP3200 | F62: Power | G62: JEPMC-PSA3012-E
F63: CPU | G63: JEPMC-CP3201-E | H63: Motion Controller
F64: Base | G64: JEPMC-BUB3008-E | H64: Option 8 Slot
F65: 1. Motion Board | G65: JAPMC-MC2320-E | H65: Servo Controller
F66: 2. Motion Board | G66: JAPMC-MC2320-E | H66: Servo Controller
F67: 3. Motion Board | G67: JAPMC-MC2320-E | H67: Servo Controller
F68: 4. Motion Board | G68: JAPMC-MC2320-E | H68: Servo Controller
F69: 5. Gateway | G69: MPHLS-01 | H69: M System IO Module
F70: 6. Direct IO | G70: JAPMC-IO2303-E | H70: Omron Safety LIO Module
F71: 7. Direct IO | G71: JAPMC-IO2303-E | H71: Omron Safety LIO Module
F72: 8. MP Link | G72: JAPMC-CM2360-E
H73: Pendant RS232C Interface
D76: 2. Axis Check List
D77: CPU-201 Board 1 MechatroLink- Ⅲ Transmission Cycle 1.0ms
D78: 회선 | F78: 기기명 | G78: DR No | H78: 명칭 | I78: 설정 | L78: 1차 Check | P78: 2차 Check
I79: S1 | J79: S2 | K79: 회선 | L79: 확인 일자 | M79: 결 과 | N79: 사 유 / 내용 | P79: 확인 일자 | Q79: 결 과 | R79: 사 유
D80: 1 | E80: 1 | F80: SGD7S-7R6A20A | G80: DR3103 | H80: LCCT Stick Transfer2 X | I80: 0 | J80: 3 | K80: MP1-1
E81: 2 | I81: 0 | J81: 4 | K81: =K80 -> MP1-1
E82: 3 | F82: SGD7S-5R5A20A | G82: DR3105 | H82: LCCT Stick Transfer2 Z | I82: 0 | J82: 5 | K82: =K81 -> MP1-1
E83: 4 | I83: 0 | J83: 6 | K83: =K82 -> MP1-1
E84: 5 | I84: 0 | J84: 7 | K84: =K83 -> MP1-1
E85: 6 | I85: 0 | J85: 8 | K85: =K84 -> MP1-1
E86: 7 | I86: 0 | J86: 9 | K86: =K85 -> MP1-1
E87: 8 | I87: 0 | J87: A | K87: =K86 -> MP1-1
E88: 9 | I88: 0 | J88: B | K88: =K87 -> MP1-1
E89: 10 | I89: 0 | J89: C | K89: =K88 -> MP1-1
E90: 11 | I90: 0 | J90: D | K90: =K89 -> MP1-1
E91: 12 | I91: 0 | J91: E | K91: =K90 -> MP1-1
E92: 13 | I92: 0 | J92: F | K92: =K91 -> MP1-1
E93: 14 | I93: 1 | J93: 0 | K93: =K92 -> MP1-1
E94: 15 | I94: 1 | J94: 1 | K94: =K93 -> MP1-1
E95: 16 | I95: 1 | J95: 2 | K95: =K94 -> MP1-1
E96: 17 | I96: 1 | J96: 3 | K96: MP1-2
E97: 18 | I97: 1 | J97: 4 | K97: =K96 -> MP1-2
E98: 19 | I98: 1 | J98: 5 | K98: =K97 -> MP1-2
E99: 20 | I99: 1 | J99: 6 | K99: =K98 -> MP1-2
E100: 21 | I100: 1 | J100: 7 | K100: =K99 -> MP1-2
E101: 22 | I101: 1 | J101: 8 | K101: =K100 -> MP1-2
E102: 23 | I102: 1 | J102: 9 | K102: =K101 -> MP1-2
E103: 24 | I103: 1 | J103: A | K103: =K102 -> MP1-2
E104: 25 | I104: 1 | J104: B | K104: =K103 -> MP1-2
E105: 26 | I105: 1 | J105: C | K105: =K104 -> MP1-2
E106: 27 | I106: 1 | J106: D | K106: =K105 -> MP1-2
E107: 28 | F107: R7G4HML3-6-SVF4-R | G107: AI-AN21 | H107: LCCT Table Level | I107: 1 | J107: E | K107: =K106 -> MP1-2
E108: 29 | F108: R7G4HML3-6-SVF4-R | G108: AI-AN21 | H108: LCCT LoadCell | I108: 1 | J108: F | K108: =K107 -> MP1-2
E109: 30
E110: 31
E111: 32
...

Sheet 4-1.LCCT(UPS2)
B2: =[4]표지!F19 -> SDV SISW-OLED2300-4
B6: UPS2 SERVO AXIS LIST ( LCCT ) | Z6: =SUM(Z9:Z60) -> 2.2 | AA6: =SUM(AA9:AA60) -> 2.2 | AB6: =SUM(AB9:AB60) -> 2.4
B7: PROCESS | D7: DR | H7: DT | I7: MOTOR TYPE | J7: AXIS | K7: 설정 | N7: SERVO PACK | O7: MOTOR | P7: MOTOR SUB | Q7: Watt | R7: CONTROL Power [A] | S7: Input Current [A] | T7: 가동율적용 [A] | U7: CB [A] | V7: Cable | X7: ELECTRONIC BOX NO. | Y7: 제어 전원 번호 | Z7: RS | AA7: RT | AB7: ST | AC7: RESISTOR | AD7: 회생저항
K8: S1 | L8: S2 | M8: 회선 | V8: Power | W8: Encoder
A9: RE | D9: DR3103 | G9: LCCT Stick Transfer2 X | H9: =E9&F9&" "&G9 -> LCCT Stick Transfer2 X | I9: =IF(OR(LEFT(O9,3)="SGL",LEFT(O9,5)="SGMCS"),"LINEAR","Rotary") -> Rotary | J9: =IF(OR(RIGHT($H9,1)="Z",LEFT(RIGHT($H9,2),1)="Z",LEFT(RIGHT($H9,3),1)="Z"),"Z",IF(OR(RIGHT($H9,1)="X",LEFT(RIGHT($H9,2),1)="X",LEFT(RIGHT($H9,3),1)="X"),"X",IF(OR(RIGHT($H9,1)="Y",LEFT(RIGHT($H9,2),1)="Y",LEFT(RIGHT($H9,3),1)="Y"),"Y","T"))) -> X | K9: =VLOOKUP($D9,[4]회선정보!B:F,3,FALSE) -> 0 | L9: =VLOOKUP($D9,[4]회선정보!B:F,4,FALSE) -> 3 | M9: =VLOOKUP($D9,[4]회선정보!B:F,5,FALSE) -> MP1-1 | N9: SGD7S-7R6A20A | O9: SGM7G-09A7A61 | P9: =IFERROR(IF($I9="Rotary",LEFT($O9,9),$O9),"") -> SGM7G-09A | Q9: =IF(MID($N8,5,1)<>"W",VLOOKUP(N9,[4]정격용량!$B$3:$K$633,4,FALSE),"X") -> 1000 | R9: =IF(MID($N8,5,1)<>"W",VLOOKUP(N9,[4]정격용량!$B$3:$K$633,3,FALSE),"X") -> 0.2 | S9: =IF(MID($N8,5,1)<>"W",VLOOKUP(N9,[4]정격용량!$B$3:$K$633,6,FALSE),"X") -> 5.7 | T9: =IF(MID($N8,5,1)<>"W",S9*#REF!,"X") -> #REF! | U9: =IF(MID($N8,5,1)<>"W",VLOOKUP(N9,[4]정격용량!$B$3:$K$633,9,FALSE),"X") -> 7 | V9: =IFERROR(IF(J9="Z",VLOOKUP(P9,'[4]SERVO CABLE'!G:AD,8,FALSE),VLOOKUP(P9,'[4]SERVO CABLE'!G:AD,4,FALSE)),"") -> JZSP-UVA122-□-E | W9: =IFERROR(VLOOKUP(P9,'[4]SERVO CABLE'!G:AD,17,FALSE),"") -> JZSP-CVP27-□-E | Y9: 1 | Z9: =IF($Y9=1,$R$9,"") -> 0.2 | AA9: =IF($Y9=2,$R$9,"") | AB9: =IF($Y9=3,$R$9,"") | AC9: =IF(MID($N8,5,1)<>"W",((700*700)/$Q9*1.509)/1000,"X") -> 0.73941 | AD9: =IF($AC9="X","X",IF($AC9<0.1,"X",IF($AC9<0.27,"IRV60",IF($AC9<0.91,"IRV80",IF($AC9<1.1,"IRV100",IF($AC9<1.3,"IRV120",IF($AC9<1.6,"IRV150",IF($AC9<2.2,"IRV200",IF($AC9<2.7,"IRV300",IF($AC9<4.3,"IRV400",IF($AC9<6.8,"IRV500","X"))))))))))) -> IRV80
A10: RE | D10: DR3105 | G10: LCCT Stick Transfer2 Z | H10: =E10&F10&" "&G10 -> LCCT Stick Transfer2 Z | I10: =IF(OR(LEFT(O10,3)="SGL",LEFT(O10,5)="SGMCS"),"LINEAR","Rotary") -> Rotary | J10: =IF(OR(RIGHT($H10,1)="Z",LEFT(RIGHT($H10,2),1)="Z",LEFT(RIGHT($H10,3),1)="Z"),"Z",IF(OR(RIGHT($H10,1)="X",LEFT(RIGHT($H10,2),1)="X",LEFT(RIGHT($H10,3),1)="X"),"X",IF(OR(RIGHT($H10,1)="Y",LEFT(RIGHT($H10,2),1)="Y",LEFT(RIGHT($H10,3),1)="Y"),"Y","T"))) -> Z | K10: =VLOOKUP($D10,[4]회선정보!B:F,3,FALSE) -> 0 | L10: =VLOOKUP($D10,[4]회선정보!B:F,4,FALSE) -> 5 | M10: =VLOOKUP($D10,[4]회선정보!B:F,5,FALSE) -> MP1-1 | N10: SGD7S-5R5A20A | O10: SGM7J-08A7A2C | P10: =IFERROR(IF($I10="Rotary",LEFT($O10,9),$O10),"") -> SGM7J-08A | Q10: =IF(MID($N9,5,1)<>"W",VLOOKUP(N10,[4]정격용량!$B$3:$K$633,4,FALSE),"X") -> 750 | R10: =IF(MID(N9,5,1)<>"W",VLOOKUP(N10,[4]정격용량!$B$3:$K$633,3,FALSE),"X") -> 0.2 | S10: =IF(MID(N9,5,1)<>"W",VLOOKUP(N10,[4]정격용량!$B$3:$K$633,6,FALSE),"X") -> 4.1 | T10: =IF(MID($N9,5,1)<>"W",S10*#REF!,"X") -> #REF! | U10: =IF(MID($N9,5,1)<>"W",VLOOKUP(N10,[4]정격용량!$B$3:$K$633,9,FALSE),"X") -> 5 | V10: =IFERROR(IF(J10="Z",VLOOKUP(P10,'[4]SERVO CABLE'!G:AD,8,FALSE),VLOOKUP(P10,'[4]SERVO CABLE'!G:AD,4,FALSE)),"") -> JZSP-C7M34F-□-E | W10: =IFERROR(VLOOKUP(P10,'[4]SERVO CABLE'!G:AD,17,FALSE),"") -> JZSP-C7PA2D-□-E | Y10: 2 | Z10: =IF($Y10=1,$R$9,"") | AA10: =IF($Y10=2,$R$9,"") -> 0.2 | AB10: =IF($Y10=3,$R$9,"") | AC10: =IF(MID($N9,5,1)<>"W",((700*700)/$Q10*1.509)/1000,"X") -> 0.98588 | AD10: =IF($AC10="X","X",IF($AC10<0.1,"X",IF($AC10<0.27,"IRV60",IF($AC10<0.91,"IRV80",IF($AC10<1.1,"IRV100",IF($AC10<1.3,"IRV120",IF($AC10<1.6,"IRV150",IF($AC10<2.2,"IRV200",IF($AC10<2.7,"IRV300",IF($AC10<4.3,"IRV400",IF($AC10<6.8,"IRV500","X"))))))))))) -> IRV100
A11: TR | D11: DR3503 | G11: LCCTL Cutter X | H11: =E11&F11&" "&G11 -> LCCTL Cutter X | I11: =IF(OR(LEFT(O11,3)="SGL",LEFT(O11,5)="SGMCS"),"LINEAR","Rotary") -> LINEAR | J11: =IF(OR(RIGHT($H11,1)="Z",LEFT(RIGHT($H11,2),1)="Z",LEFT(RIGHT($H11,3),1)="Z"),"Z",IF(OR(RIGHT($H11,1)="X",LEFT(RIGHT($H11,2),1)="X",LEFT(RIGHT($H11,3),1)="X"),"X",IF(OR(RIGHT($H11,1)="Y",LEFT(RIGHT($H11,2),1)="Y",LEFT(RIGHT($H11,3),1)="Y"),"Y","T"))) -> X | K11: =VLOOKUP($D11,[4]회선정보!B:F,3,FALSE) -> 0 | L11: =VLOOKUP($D11,[4]회선정보!B:F,4,FALSE) -> 3 | M11: =VLOOKUP($D11,[4]회선정보!B:F,5,FALSE) -> MP5-1 | N11: SGD7W-1R6A20A | O11: SGLGW-60A140C | P11: =IFERROR(IF($I11="Rotary",LEFT($O11,9),$O11),"") -> SGLGW-60A140C | Q11: =IF(MID($N10,5,1)<>"W",VLOOKUP(N11,[4]정격용량!$B$3:$K$633,4,FALSE),"X") -> 400 | R11: =IF(MID(N10,5,1)<>"W",VLOOKUP(N11,[4]정격용량!$B$3:$K$633,3,FALSE),"X") -> 0.3 | S11: =IF(MID(N10,5,1)<>"W",VLOOKUP(N11,[4]정격용량!$B$3:$K$633,6,FALSE),"X") -> 2.5 | T11: =IF(MID($N10,5,1)<>"W",S11*#REF!,"X") -> #REF! | U11: =IF(MID($N10,5,1)<>"W",VLOOKUP(N11,[4]정격용량!$B$3:$K$633,9,FALSE),"X") -> 3 | V11: =IFERROR(IF(J11="Z",VLOOKUP(P11,'[4]SERVO CABLE'!G:AD,8,FALSE),VLOOKUP(P11,'[4]SERVO CABLE'!G:AD,4,FALSE)),"") -> JZSP-CLN11-□ | W11: =IFERROR(VLOOKUP(P11,'[4]SERVO CABLE'!G:AD,17,FALSE),"") -> JZSP-CLP70-□-ER | Y11: 3 | Z11: =IF($Y11=1,$R$9,"") | AA11: =IF($Y11=2,$R$9,"") | AB11: =IF($Y11=3,$R$9,"") -> 0.2 | AC11: =IF(MID($N10,5,1)<>"W",((700*700)/$Q11*1.509)/1000,"X") -> 1.848525 | AD11: =IF($AC11="X","X",IF($AC11<0.1,"X",IF($AC11<0.27,"IRV60",IF($AC11<0.91,"IRV80",IF($AC11<1.1,"IRV100",IF($AC11<1.3,"IRV120",IF($AC11<1.6,"IRV150",IF($AC11<2.2,"IRV200",IF($AC11<2.7,"IRV300",IF($AC11<4.3,"IRV400",IF($AC11<6.8,"IRV500","X"))))))))))) -> IRV200
A12: TR | D12: DR3504 | G12: LCCTL Camera X | H12: =E12&F12&" "&G12 -> LCCTL Camera X | I12: =IF(OR(LEFT(O12,3)="SGL",LEFT(O12,5)="SGMCS"),"LINEAR","Rotary") -> LINEAR | J12: =IF(OR(RIGHT($H12,1)="Z",LEFT(RIGHT($H12,2),1)="Z",LEFT(RIGHT($H12,3),1)="Z"),"Z",IF(OR(RIGHT($H12,1)="X",LEFT(RIGHT($H12,2),1)="X",LEFT(RIGHT($H12,3),1)="X"),"X",IF(OR(RIGHT($H12,1)="Y",LEFT(RIGHT($H12,2),1)="Y",LEFT(RIGHT($H12,3),1)="Y"),"Y","T"))) -> X | K12: =VLOOKUP($D12,[4]회선정보!B:F,3,FALSE) -> 0 | L12: =VLOOKUP($D12,[4]회선정보!B:F,4,FALSE) -> 4 | M12: =VLOOKUP($D12,[4]회선정보!B:F,5,FALSE) -> MP5-1 | O12: SGLGW-60A140C | P12: =IFERROR(IF($I12="Rotary",LEFT($O12,9),$O12),"") -> SGLGW-60A140C | Q12: =IF(MID($N11,5,1)<>"W",VLOOKUP(N12,[4]정격용량!$B$3:$K$633,4,FALSE),"X") -> X | R12: =IF(MID(N11,5,1)<>"W",VLOOKUP(N12,[4]정격용량!$B$3:$K$633,3,FALSE),"X") -> X | S12: =IF(MID(N11,5,1)<>"W",VLOOKUP(N12,[4]정격용량!$B$3:$K$633,6,FALSE),"X") -> X | T12: =IF(MID($N11,5,1)<>"W",S12*#REF!,"X") -> X | U12: =IF(MID($N11,5,1)<>"W",VLOOKUP(N12,[4]정격용량!$B$3:$K$633,9,FALSE),"X") -> X | V12: =IFERROR(IF(J12="Z",VLOOKUP(P12,'[4]SERVO CABLE'!G:AD,8,FALSE),VLOOKUP(P12,'[4]SERVO CABLE'!G:AD,4,FALSE)),"") -> JZSP-CLN11-□ | W12: =IFERROR(VLOOKUP(P12,'[4]SERVO CABLE'!G:AD,17,FALSE),"") -> JZSP-CLP70-□-ER | Z12: =IF($Y12=1,$R$9,"") | AA12: =IF($Y12=2,$R$9,"") | AB12: =IF($Y12=3,$R$9,"") | AC12: =IF(MID($N11,5,1)<>"W",((700*700)/$Q12*1.509)/1000,"X") -> X | AD12: =IF($AC12="X","X",IF($AC12<0.1,"X",IF($AC12<0.27,"IRV60",IF($AC12<0.91,"IRV80",IF($AC12<1.1,"IRV100",IF($AC12<1.3,"IRV120",IF($AC12<1.6,"IRV150",IF($AC12<2.2,"IRV200",IF($AC12<2.7,"IRV300",IF($AC12<4.3,"IRV400",IF($AC12<6.8,"IRV500","X"))))))))))) -> X
A13: TR | D13: DR3505 | G13: LCCTL Cutter Z | H13: =E13&F13&" "&G13 -> LCCTL Cutter Z | I13: =IF(OR(LEFT(O13,3)="SGL",LEFT(O13,5)="SGMCS"),"LINEAR","Rotary") -> Rotary | J13: =IF(OR(RIGHT($H13,1)="Z",LEFT(RIGHT($H13,2),1)="Z",LEFT(RIGHT($H13,3),1)="Z"),"Z",IF(OR(RIGHT($H13,1)="X",LEFT(RIGHT($H13,2),1)="X",LEFT(RIGHT($H13,3),1)="X"),"X",IF(OR(RIGHT($H13,1)="Y",LEFT(RIGHT($H13,2),1)="Y",LEFT(RIGHT($H13,3),1)="Y"),"Y","T"))) -> Z | K13: =VLOOKUP($D13,[4]회선정보!B:F,3,FALSE) -> 0 | L13: =VLOOKUP($D13,[4]회선정보!B:F,4,FALSE) -> 5 | M13: =VLOOKUP($D13,[4]회선정보!B:F,5,FALSE) -> MP5-1 | N13: SGD7S-R70A20A | O13: SGM7A-A5A7A21 | P13: =IFERROR(IF($I13="Rotary",LEFT($O13,9),$O13),"") -> SGM7A-A5A | Q13: =IF(MID($N12,5,1)<>"W",VLOOKUP(N13,[4]정격용량!$B$3:$K$633,4,FALSE),"X") -> 50 | R13: =IF(MID(N12,5,1)<>"W",VLOOKUP(N13,[4]정격용량!$B$3:$K$633,3,FALSE),"X") -> 0.2 | S13: =IF(MID(N12,5,1)<>"W",VLOOKUP(N13,[4]정격용량!$B$3:$K$633,6,FALSE),"X") -> 0.4 | T13: =IF(MID($N12,5,1)<>"W",S13*#REF!,"X") -> #REF! | U13: =IF(MID($N12,5,1)<>"W",VLOOKUP(N13,[4]정격용량!$B$3:$K$633,9,FALSE),"X") -> 1 | V13: =IFERROR(IF(J13="Z",VLOOKUP(P13,'[4]SERVO CABLE'!G:AD,8,FALSE),VLOOKUP(P13,'[4]SERVO CABLE'!G:AD,4,FALSE)),"") -> JZSP-C7M14F-□-E | W13: =IFERROR(VLOOKUP(P13,'[4]SERVO CABLE'!G:AD,17,FALSE),"") -> JZSP-C7PA2D-□-E | Y13: 1 | Z13: =IF($Y13=1,$R$9,"") -> 0.2 | AA13: =IF($Y13=2,$R$9,"") | AB13: =IF($Y13=3,$R$9,"") | AC13: =IF(MID($N12,5,1)<>"W",((700*700)/$Q13*1.509)/1000,"X") -> 14.7882 | AD13: =IF($AC13="X","X",IF($AC13<0.1,"X",IF($AC13<0.27,"IRV60",IF($AC13<0.91,"IRV80",IF($AC13<1.1,"IRV100",IF($AC13<1.3,"IRV120",IF($AC13<1.6,"IRV150",IF($AC13<2.2,"IRV200",IF($AC13<2.7,"IRV300",IF($AC13<4.3,"IRV400",IF($AC13<6.8,"IRV500","X"))))))))))) -> X
A14: TR | D14: DR3506 | G14: LCCTL Cutter Shift | H14: =E14&F14&" "&G14 -> LCCTL Cutter Shift | I14: =IF(OR(LEFT(O14,3)="SGL",LEFT(O14,5)="SGMCS"),"LINEAR","Rotary") -> Rotary | J14: =IF(OR(RIGHT($H14,1)="Z",LEFT(RIGHT($H14,2),1)="Z",LEFT(RIGHT($H14,3),1)="Z"),"Z",IF(OR(RIGHT($H14,1)="X",LEFT(RIGHT($H14,2),1)="X",LEFT(RIGHT($H14,3),1)="X"),"X",IF(OR(RIGHT($H14,1)="Y",LEFT(RIGHT($H14,2),1)="Y",LEFT(RIGHT($H14,3),1)="Y"),"Y","T"))) -> T | K14: =VLOOKUP($D14,[4]회선정보!B:F,3,FALSE) -> 0 | L14: =VLOOKUP($D14,[4]회선정보!B:F,4,FALSE) -> 6 | M14: =VLOOKUP($D14,[4]회선정보!B:F,5,FALSE) -> MP5-1 | N14: SGD7S-R70A20A | O14: SGM7A-A5A7A21 | P14: =IFERROR(IF($I14="Rotary",LEFT($O14,9),$O14),"") -> SGM7A-A5A | Q14: =IF(MID($N13,5,1)<>"W",VLOOKUP(N14,[4]정격용량!$B$3:$K$633,4,FALSE),"X") -> 50 | R14: =IF(MID(N13,5,1)<>"W",VLOOKUP(N14,[4]정격용량!$B$3:$K$633,3,FALSE),"X") -> 0.2 | S14: =IF(MID(N13,5,1)<>"W",VLOOKUP(N14,[4]정격용량!$B$3:$K$633,6,FALSE),"X") -> 0.4 | T14: =IF(MID($N13,5,1)<>"W",S14*#REF!,"X") -> #REF! | U14: =IF(MID($N13,5,1)<>"W",VLOOKUP(N14,[4]정격용량!$B$3:$K$633,9,FALSE),"X") -> 1 | V14: =IFERROR(IF(J14="Z",VLOOKUP(P14,'[4]SERVO CABLE'!G:AD,8,FALSE),VLOOKUP(P14,'[4]SERVO CABLE'!G:AD,4,FALSE)),"") -> JZSP-C7M12F-□-E | W14: =IFERROR(VLOOKUP(P14,'[4]SERVO CABLE'!G:AD,17,FALSE),"") -> JZSP-C7PA2D-□-E | Y14: 2 | Z14: =IF($Y14=1,$R$9,"") | AA14: =IF($Y14=2,$R$9,"") -> 0.2 | AB14: =IF($Y14=3,$R$9,"") | AC14: =IF(MID($N13,5,1)<>"W",((700*700)/$Q14*1.509)/1000,"X") -> 14.7882 | AD14: =IF($AC14="X","X",IF($AC14<0.1,"X",IF($AC14<0.27,"IRV60",IF($AC14<0.91,"IRV80",IF($AC14<1.1,"IRV100",IF($AC14<1.3,"IRV120",IF($AC14<1.6,"IRV150",IF($AC14<2.2,"IRV200",IF($AC14<2.7,"IRV300",IF($AC14<4.3,"IRV400",IF($AC14<6.8,"IRV500","X"))))))))))) -> X
A15: TR | D15: DR3508 | G15: LCCTL Left Camera Y1 | H15: =E15&F15&" "&G15 -> LCCTL Left Camera Y1 | I15: =IF(OR(LEFT(O15,3)="SGL",LEFT(O15,5)="SGMCS"),"LINEAR","Rotary") -> Rotary | J15: =IF(OR(RIGHT($H15,1)="Z",LEFT(RIGHT($H15,2),1)="Z",LEFT(RIGHT($H15,3),1)="Z"),"Z",IF(OR(RIGHT($H15,1)="X",LEFT(RIGHT($H15,2),1)="X",LEFT(RIGHT($H15,3),1)="X"),"X",IF(OR(RIGHT($H15,1)="Y",LEFT(RIGHT($H15,2),1)="Y",LEFT(RIGHT($H15,3),1)="Y"),"Y","T"))) -> Y | K15: =VLOOKUP($D15,[4]회선정보!B:F,3,FALSE) -> 0 | L15: =VLOOKUP($D15,[4]회선정보!B:F,4,FALSE) -> 8 | M15: =VLOOKUP($D15,[4]회선정보!B:F,5,FALSE) -> MP5-1 | N15: SGD7W-1R6A20A | O15: SGM7M-A3A3A21 | P15: =IFERROR(IF($I15="Rotary",LEFT($O15,9),$O15),"") -> SGM7M-A3A | Q15: =IF(MID($N14,5,1)<>"W",VLOOKUP(N15,[4]정격용량!$B$3:$K$633,4,FALSE),"X") -> 400 | R15: =IF(MID(N14,5,1)<>"W",VLOOKUP(N15,[4]정격용량!$B$3:$K$633,3,FALSE),"X") -> 0.3 | S15: =IF(MID(N14,5,1)<>"W",VLOOKUP(N15,[4]정격용량!$B$3:$K$633,6,FALSE),"X") -> 2.5 | T15: =IF(MID($N14,5,1)<>"W",S15*#REF!,"X") -> #REF! | U15: =IF(MID($N14,5,1)<>"W",VLOOKUP(N15,[4]정격용량!$B$3:$K$633,9,FALSE),"X") -> 3 | V15: =IFERROR(IF(J15="Z",VLOOKUP(P15,'[4]SERVO CABLE'!G:AD,8,FALSE),VLOOKUP(P15,'[4]SERVO CABLE'!G:AD,4,FALSE)),"") -> JZSP-CF2M20-□-E | W15: =IFERROR(VLOOKUP(P15,'[4]SERVO CABLE'!G:AD,17,FALSE),"") -> JZSP-C7MP29-□-E | Y15: 3 | Z15: =IF($Y15=1,$R$9,"") | AA15: =IF($Y15=2,$R$9,"") | AB15: =IF($Y15=3,$R$9,"") -> 0.2 | AC15: =IF(MID($N14,5,1)<>"W",((700*700)/$Q15*1.509)/1000,"X") -> 1.848525 | AD15: =IF($AC15="X","X",IF($AC15<0.1,"X",IF($AC15<0.27,"IRV60",IF($AC15<0.91,"IRV80",IF($AC15<1.1,"IRV100",IF($AC15<1.3,"IRV120",IF($AC15<1.6,"IRV150",IF($AC15<2.2,"IRV200",IF($AC15<2.7,"IRV300",IF($AC15<4.3,"IRV400",IF($AC15<6.8,"IRV500","X"))))))))))) -> IRV200
A16: SC | D16: DR3509 | G16: LCCTL Right Camera Y1 | H16: =E16&F16&" "&G16 -> LCCTL Right Camera Y1 | I16: =IF(OR(LEFT(O16,3)="SGL",LEFT(O16,5)="SGMCS"),"LINEAR","Rotary") -> Rotary | J16: =IF(OR(RIGHT($H16,1)="Z",LEFT(RIGHT($H16,2),1)="Z",LEFT(RIGHT($H16,3),1)="Z"),"Z",IF(OR(RIGHT($H16,1)="X",LEFT(RIGHT($H16,2),1)="X",LEFT(RIGHT($H16,3),1)="X"),"X",IF(OR(RIGHT($H16,1)="Y",LEFT(RIGHT($H16,2),1)="Y",LEFT(RIGHT($H16,3),1)="Y"),"Y","T"))) -> Y | K16: =VLOOKUP($D16,[4]회선정보!B:F,3,FALSE) -> 0 | L16: =VLOOKUP($D16,[4]회선정보!B:F,4,FALSE) -> 9 | M16: =VLOOKUP($D16,[4]회선정보!B:F,5,FALSE) -> MP5-1 | O16: SGM7M-A3A3A21 | P16: =IFERROR(IF($I16="Rotary",LEFT($O16,9),$O16),"") -> SGM7M-A3A | Q16: =IF(MID($N15,5,1)<>"W",VLOOKUP(N16,[4]정격용량!$B$3:$K$633,4,FALSE),"X") -> X | R16: =IF(MID(N15,5,1)<>"W",VLOOKUP(N16,[4]정격용량!$B$3:$K$633,3,FALSE),"X") -> X | S16: =IF(MID(N15,5,1)<>"W",VLOOKUP(N16,[4]정격용량!$B$3:$K$633,6,FALSE),"X") -> X | T16: =IF(MID($N15,5,1)<>"W",S16*#REF!,"X") -> X | U16: =IF(MID($N15,5,1)<>"W",VLOOKUP(N16,[4]정격용량!$B$3:$K$633,9,FALSE),"X") -> X | V16: =IFERROR(IF(J16="Z",VLOOKUP(P16,'[4]SERVO CABLE'!G:AD,8,FALSE),VLOOKUP(P16,'[4]SERVO CABLE'!G:AD,4,FALSE)),"") -> JZSP-CF2M20-□-E | W16: =IFERROR(VLOOKUP(P16,'[4]SERVO CABLE'!G:AD,17,FALSE),"") -> JZSP-C7MP29-□-E | Z16: =IF($Y16=1,$R$9,"") | AA16: =IF($Y16=2,$R$9,"") | AB16: =IF($Y16=3,$R$9,"") | AC16: =IF(MID($N15,5,1)<>"W",((700*700)/$Q16*1.509)/1000,"X") -> X | AD16: =IF($AC16="X","X",IF($AC16<0.1,"X",IF($AC16<0.27,"IRV60",IF($AC16<0.91,"IRV80",IF($AC16<1.1,"IRV100",IF($AC16<1.3,"IRV120",IF($AC16<1.6,"IRV150",IF($AC16<2.2,"IRV200",IF($AC16<2.7,"IRV300",IF($AC16<4.3,"IRV400",IF($AC16<6.8,"IRV500","X"))))))))))) -> X
A17: SC | D17: DR350A | G17: LCCTL Left Camera Z1 | H17: =E17&F17&" "&G17 -> LCCTL Left Camera Z1 | I17: =IF(OR(LEFT(O17,3)="SGL",LEFT(O17,5)="SGMCS"),"LINEAR","Rotary") -> Rotary | J17: =IF(OR(RIGHT($H17,1)="Z",LEFT(RIGHT($H17,2),1)="Z",LEFT(RIGHT($H17,3),1)="Z"),"Z",IF(OR(RIGHT($H17,1)="X",LEFT(RIGHT($H17,2),1)="X",LEFT(RIGHT($H17,3),1)="X"),"X",IF(OR(RIGHT($H17,1)="Y",LEFT(RIGHT($H17,2),1)="Y",LEFT(RIGHT($H17,3),1)="Y"),"Y","T"))) -> Z | K17: =VLOOKUP($D17,[4]회선정보!B:F,3,FALSE) -> 0 | L17: =VLOOKUP($D17,[4]회선정보!B:F,4,FALSE) -> A | M17: =VLOOKUP($D17,[4]회선정보!B:F,5,FALSE) -> MP5-1 | N17: SGD7W-1R6A20A | O17: SGM7M-A3A3A21 | P17: =IFERROR(IF($I17="Rotary",LEFT($O17,9),$O17),"") -> SGM7M-A3A | Q17: =IF(MID($N16,5,1)<>"W",VLOOKUP(N17,[4]정격용량!$B$3:$K$633,4,FALSE),"X") -> 400 | R17: =IF(MID(N16,5,1)<>"W",VLOOKUP(N17,[4]정격용량!$B$3:$K$633,3,FALSE),"X") -> 0.3 | S17: =IF(MID(N16,5,1)<>"W",VLOOKUP(N17,[4]정격용량!$B$3:$K$633,6,FALSE),"X") -> 2.5 | T17: =IF(MID($N16,5,1)<>"W",S17*#REF!,"X") -> #REF! | U17: =IF(MID($N16,5,1)<>"W",VLOOKUP(N17,[4]정격용량!$B$3:$K$633,9,FALSE),"X") -> 3 | V17: JZSP-CF2M20-□-E | W17: =IFERROR(VLOOKUP(P17,'[4]SERVO CABLE'!G:AD,17,FALSE),"") -> JZSP-C7MP29-□-E | Y17: 1 | Z17: =IF($Y17=1,$R$9,"") -> 0.2 | AA17: =IF($Y17=2,$R$9,"") | AB17: =IF($Y17=3,$R$9,"") | AC17: =IF(MID($N16,5,1)<>"W",((700*700)/$Q17*1.509)/1000,"X") -> 1.848525 | AD17: =IF($AC17="X","X",IF($AC17<0.1,"X",IF($AC17<0.27,"IRV60",IF($AC17<0.91,"IRV80",IF($AC17<1.1,"IRV100",IF($AC17<1.3,"IRV120",IF($AC17<1.6,"IRV150",IF($AC17<2.2,"IRV200",IF($AC17<2.7,"IRV300",IF($AC17<4.3,"IRV400",IF($AC17<6.8,"IRV500","X"))))))))))) -> IRV200
A18: TR | D18: DR350B | G18: LCCTL Right Camera Z1 | H18: =E18&F18&" "&G18 -> LCCTL Right Camera Z1 | I18: =IF(OR(LEFT(O18,3)="SGL",LEFT(O18,5)="SGMCS"),"LINEAR","Rotary") -> Rotary | J18: =IF(OR(RIGHT($H18,1)="Z",LEFT(RIGHT($H18,2),1)="Z",LEFT(RIGHT($H18,3),1)="Z"),"Z",IF(OR(RIGHT($H18,1)="X",LEFT(RIGHT($H18,2),1)="X",LEFT(RIGHT($H18,3),1)="X"),"X",IF(OR(RIGHT($H18,1)="Y",LEFT(RIGHT($H18,2),1)="Y",LEFT(RIGHT($H18,3),1)="Y"),"Y","T"))) -> Z | K18: =VLOOKUP($D18,[4]회선정보!B:F,3,FALSE) -> 0 | L18: =VLOOKUP($D18,[4]회선정보!B:F,4,FALSE) -> B | M18: =VLOOKUP($D18,[4]회선정보!B:F,5,FALSE) -> MP5-1 | O18: SGM7M-A3A3A21 | P18: =IFERROR(IF($I18="Rotary",LEFT($O18,9),$O18),"") -> SGM7M-A3A | Q18: =IF(MID($N17,5,1)<>"W",VLOOKUP(N18,[4]정격용량!$B$3:$K$633,4,FALSE),"X") -> X | R18: =IF(MID(N17,5,1)<>"W",VLOOKUP(N18,[4]정격용량!$B$3:$K$633,3,FALSE),"X") -> X | S18: =IF(MID(N17,5,1)<>"W",VLOOKUP(N18,[4]정격용량!$B$3:$K$633,6,FALSE),"X") -> X | T18: =IF(MID($N17,5,1)<>"W",S18*#REF!,"X") -> X | U18: =IF(MID($N17,5,1)<>"W",VLOOKUP(N18,[4]정격용량!$B$3:$K$633,9,FALSE),"X") -> X | V18: JZSP-CF2M20-□-E | W18: =IFERROR(VLOOKUP(P18,'[4]SERVO CABLE'!G:AD,17,FALSE),"") -> JZSP-C7MP29-□-E | Z18: =IF($Y18=1,$R$9,"") | AA18: =IF($Y18=2,$R$9,"") | AB18: =IF($Y18=3,$R$9,"") | AC18: =IF(MID($N17,5,1)<>"W",((700*700)/$Q18*1.509)/1000,"X") -> X | AD18: =IF($AC18="X","X",IF($AC18<0.1,"X",IF($AC18<0.27,"IRV60",IF($AC18<0.91,"IRV80",IF($AC18<1.1,"IRV100",IF($AC18<1.3,"IRV120",IF($AC18<1.6,"IRV150",IF($AC18<2.2,"IRV200",IF($AC18<2.7,"IRV300",IF($AC18<4.3,"IRV400",IF($AC18<6.8,"IRV500","X"))))))))))) -> X
A19: TR | D19: DR350D | G19: LCCTL Cutting Table Y1-1 | H19: =E19&F19&" "&G19 -> LCCTL Cutting Table Y1-1 | I19: =IF(OR(LEFT(O19,3)="SGL",LEFT(O19,5)="SGMCS"),"LINEAR","Rotary") -> LINEAR | J19: =IF(OR(RIGHT($H19,1)="Z",LEFT(RIGHT($H19,2),1)="Z",LEFT(RIGHT($H19,3),1)="Z"),"Z",IF(OR(RIGHT($H19,1)="X",LEFT(RIGHT($H19,2),1)="X",LEFT(RIGHT($H19,3),1)="X"),"X",IF(OR(RIGHT($H19,1)="Y",LEFT(RIGHT($H19,2),1)="Y",LEFT(RIGHT($H19,3),1)="Y"),"Y","T"))) -> T | K19: =VLOOKUP($D19,[4]회선정보!B:F,3,FALSE) -> 0 | L19: =VLOOKUP($D19,[4]회선정보!B:F,4,FALSE) -> D | M19: =VLOOKUP($D19,[4]회선정보!B:F,5,FALSE) -> MP5-1 | N19: SGD7W-5R5A20A | O19: SGLFW-35A230AP | P19: =IFERROR(IF($I19="Rotary",LEFT($O19,9),$O19),"") -> SGLFW-35A230AP | Q19: =IF(MID($N18,5,1)<>"W",VLOOKUP(N19,[4]정격용량!$B$3:$K$633,4,FALSE),"X") -> 1500 | R19: =IF(MID(N18,5,1)<>"W",VLOOKUP(N19,[4]정격용량!$B$3:$K$633,3,FALSE),"X") -> 0.3 | S19: =IF(MID(N18,5,1)<>"W",VLOOKUP(N19,[4]정격용량!$B$3:$K$633,6,FALSE),"X") -> 7.8 | T19: =IF(MID($N18,5,1)<>"W",S19*#REF!,"X") -> #REF! | U19: =IF(MID($N18,5,1)<>"W",VLOOKUP(N19,[4]정격용량!$B$3:$K$633,9,FALSE),"X") -> 10 | V19: =IFERROR(IF(J19="Z",VLOOKUP(P19,'[4]SERVO CABLE'!G:AD,8,FALSE),VLOOKUP(P19,'[4]SERVO CABLE'!G:AD,4,FALSE)),"") -> JZSP-CLN11-01-E | W19: =IFERROR(VLOOKUP(P19,'[4]SERVO CABLE'!G:AD,17,FALSE),"") -> JZSP-CLP70-□-ER | Y19: 2 | Z19: =IF($Y19=1,$R$9,"") | AA19: =IF($Y19=2,$R$9,"") -> 0.2 | AB19: =IF($Y19=3,$R$9,"") | AC19: =IF(MID($N18,5,1)<>"W",((700*700)/$Q19*1.509)/1000,"X") -> 0.49294 | AD19: =IF($AC19="X","X",IF($AC19<0.1,"X",IF($AC19<0.27,"IRV60",IF($AC19<0.91,"IRV80",IF($AC19<1.1,"IRV100",IF($AC19<1.3,"IRV120",IF($AC19<1.6,"IRV150",IF($AC19<2.2,"IRV200",IF($AC19<2.7,"IRV300",IF($AC19<4.3,"IRV400",IF($AC19<6.8,"IRV500","X"))))))))))) -> IRV80
A20: TR | D20: DR350E | G20: LCCTL Cutting Table Y1-2 | H20: =E20&F20&" "&G20 -> LCCTL Cutting Table Y1-2 | I20: =IF(OR(LEFT(O20,3)="SGL",LEFT(O20,5)="SGMCS"),"LINEAR","Rotary") -> LINEAR | J20: =IF(OR(RIGHT($H20,1)="Z",LEFT(RIGHT($H20,2),1)="Z",LEFT(RIGHT($H20,3),1)="Z"),"Z",IF(OR(RIGHT($H20,1)="X",LEFT(RIGHT($H20,2),1)="X",LEFT(RIGHT($H20,3),1)="X"),"X",IF(OR(RIGHT($H20,1)="Y",LEFT(RIGHT($H20,2),1)="Y",LEFT(RIGHT($H20,3),1)="Y"),"Y","T"))) -> T | K20: =VLOOKUP($D20,[4]회선정보!B:F,3,FALSE) -> 0 | L20: =VLOOKUP($D20,[4]회선정보!B:F,4,FALSE) -> E | M20: =VLOOKUP($D20,[4]회선정보!B:F,5,FALSE) -> MP5-1 | O20: SGLFW-35A230AP | P20: =IFERROR(IF($I20="Rotary",LEFT($O20,9),$O20),"") -> SGLFW-35A230AP | Q20: =IF(MID($N19,5,1)<>"W",VLOOKUP(N20,[4]정격용량!$B$3:$K$633,4,FALSE),"X") -> X | R20: =IF(MID(N19,5,1)<>"W",VLOOKUP(N20,[4]정격용량!$B$3:$K$633,3,FALSE),"X") -> X | S20: =IF(MID(N19,5,1)<>"W",VLOOKUP(N20,[4]정격용량!$B$3:$K$633,6,FALSE),"X") -> X | T20: =IF(MID($N19,5,1)<>"W",S20*#REF!,"X") -> X | U20: =IF(MID($N19,5,1)<>"W",VLOOKUP(N20,[4]정격용량!$B$3:$K$633,9,FALSE),"X") -> X | V20: =IFERROR(IF(J20="Z",VLOOKUP(P20,'[4]SERVO CABLE'!G:AD,8,FALSE),VLOOKUP(P20,'[4]SERVO CABLE'!G:AD,4,FALSE)),"") -> JZSP-CLN11-01-E | W20: =IFERROR(VLOOKUP(P20,'[4]SERVO CABLE'!G:AD,17,FALSE),"") -> JZSP-CLP70-□-ER | Z20: =IF($Y20=1,$R$9,"") | AA20: =IF($Y20=2,$R$9,"") | AB20: =IF($Y20=3,$R$9,"") | AC20: =IF(MID($N19,5,1)<>"W",((700*700)/$Q20*1.509)/1000,"X") -> X | AD20: =IF($AC20="X","X",IF($AC20<0.1,"X",IF($AC20<0.27,"IRV60",IF($AC20<0.91,"IRV80",IF($AC20<1.1,"IRV100",IF($AC20<1.3,"IRV120",IF($AC20<1.6,"IRV150",IF($AC20<2.2,"IRV200",IF($AC20<2.7,"IRV300",IF($AC20<4.3,"IRV400",IF($AC20<6.8,"IRV500","X"))))))))))) -> X
A21: TR | D21: DR3603 | G21: LCCTL Scribe Chuck Left X | H21: =E21&F21&" "&G21 -> LCCTL Scribe Chuck Left X | I21: =IF(OR(LEFT(O21,3)="SGL",LEFT(O21,5)="SGMCS"),"LINEAR","Rotary") -> Rotary | J21: =IF(OR(RIGHT($H21,1)="Z",LEFT(RIGHT($H21,2),1)="Z",LEFT(RIGHT($H21,3),1)="Z"),"Z",IF(OR(RIGHT($H21,1)="X",LEFT(RIGHT($H21,2),1)="X",LEFT(RIGHT($H21,3),1)="X"),"X",IF(OR(RIGHT($H21,1)="Y",LEFT(RIGHT($H21,2),1)="Y",LEFT(RIGHT($H21,3),1)="Y"),"Y","T"))) -> X | K21: =VLOOKUP($D21,[4]회선정보!B:F,3,FALSE) -> 0 | L21: =VLOOKUP($D21,[4]회선정보!B:F,4,FALSE) -> 3 | M21: =VLOOKUP($D21,[4]회선정보!B:F,5,FALSE) -> MP6-1 | N21: SGD7W-1R6A20A | O21: SGM7J-01A7A21 | P21: =IFERROR(IF($I21="Rotary",LEFT($O21,9),$O21),"") -> SGM7J-01A | Q21: =IF(MID($N20,5,1)<>"W",VLOOKUP(N21,[4]정격용량!$B$3:$K$633,4,FALSE),"X") -> 400 | R21: =IF(MID(N20,5,1)<>"W",VLOOKUP(N21,[4]정격용량!$B$3:$K$633,3,FALSE),"X") -> 0.3 | S21: =IF(MID(N20,5,1)<>"W",VLOOKUP(N21,[4]정격용량!$B$3:$K$633,6,FALSE),"X") -> 2.5 | T21: =IF(MID($N20,5,1)<>"W",S21*#REF!,"X") -> #REF! | U21: =IF(MID($N20,5,1)<>"W",VLOOKUP(N21,[4]정격용량!$B$3:$K$633,9,FALSE),"X") -> 3 | V21: =IFERROR(IF(J21="Z",VLOOKUP(P21,'[4]SERVO CABLE'!G:AD,8,FALSE),VLOOKUP(P21,'[4]SERVO CABLE'!G:AD,4,FALSE)),"") -> JZSP-C7M12F-□-E | W21: =IFERROR(VLOOKUP(P21,'[4]SERVO CABLE'!G:AD,17,FALSE),"") -> JZSP-C7PA2D-□-E | Y21: 3 | Z21: =IF($Y21=1,$R$9,"") | AA21: =IF($Y21=2,$R$9,"") | AB21: =IF($Y21=3,$R$9,"") -> 0.2 | AC21: =IF(MID($N20,5,1)<>"W",((700*700)/$Q21*1.509)/1000,"X") -> 1.848525 | AD21: =IF($AC21="X","X",IF($AC21<0.1,"X",IF($AC21<0.27,"IRV60",IF($AC21<0.91,"IRV80",IF($AC21<1.1,"IRV100",IF($AC21<1.3,"IRV120",IF($AC21<1.6,"IRV150",IF($AC21<2.2,"IRV200",IF($AC21<2.7,"IRV300",IF($AC21<4.3,"IRV400",IF($AC21<6.8,"IRV500","X"))))))))))) -> IRV200
A22: TR | D22: DR3604 | G22: LCCTL Scribe Chuck Right X | H22: =E22&F22&" "&G22 -> LCCTL Scribe Chuck Right X | I22: =IF(OR(LEFT(O22,3)="SGL",LEFT(O22,5)="SGMCS"),"LINEAR","Rotary") -> Rotary | J22: =IF(OR(RIGHT($H22,1)="Z",LEFT(RIGHT($H22,2),1)="Z",LEFT(RIGHT($H22,3),1)="Z"),"Z",IF(OR(RIGHT($H22,1)="X",LEFT(RIGHT($H22,2),1)="X",LEFT(RIGHT($H22,3),1)="X"),"X",IF(OR(RIGHT($H22,1)="Y",LEFT(RIGHT($H22,2),1)="Y",LEFT(RIGHT($H22,3),1)="Y"),"Y","T"))) -> X | K22: =VLOOKUP($D22,[4]회선정보!B:F,3,FALSE) -> 0 | L22: =VLOOKUP($D22,[4]회선정보!B:F,4,FALSE) -> 4 | M22: =VLOOKUP($D22,[4]회선정보!B:F,5,FALSE) -> MP6-1 | O22: SGM7J-01A7A21 | P22: =IFERROR(IF($I22="Rotary",LEFT($O22,9),$O22),"") -> SGM7J-01A | Q22: =IF(MID($N21,5,1)<>"W",VLOOKUP(N22,[4]정격용량!$B$3:$K$633,4,FALSE),"X") -> X | R22: =IF(MID(N21,5,1)<>"W",VLOOKUP(N22,[4]정격용량!$B$3:$K$633,3,FALSE),"X") -> X | S22: =IF(MID(N21,5,1)<>"W",VLOOKUP(N22,[4]정격용량!$B$3:$K$633,6,FALSE),"X") -> X | T22: =IF(MID($N21,5,1)<>"W",S22*#REF!,"X") -> X | U22: =IF(MID($N21,5,1)<>"W",VLOOKUP(N22,[4]정격용량!$B$3:$K$633,9,FALSE),"X") -> X | V22: =IFERROR(IF(J22="Z",VLOOKUP(P22,'[4]SERVO CABLE'!G:AD,8,FALSE),VLOOKUP(P22,'[4]SERVO CABLE'!G:AD,4,FALSE)),"") -> JZSP-C7M12F-□-E | W22: =IFERROR(VLOOKUP(P22,'[4]SERVO CABLE'!G:AD,17,FALSE),"") -> JZSP-C7PA2D-□-E | Z22: =IF($Y22=1,$R$9,"") | AA22: =IF($Y22=2,$R$9,"") | AB22: =IF($Y22=3,$R$9,"") | AC22: =IF(MID($N21,5,1)<>"W",((700*700)/$Q22*1.509)/1000,"X") -> X | AD22: =IF($AC22="X","X",IF($AC22<0.1,"X",IF($AC22<0.27,"IRV60",IF($AC22<0.91,"IRV80",IF($AC22<1.1,"IRV100",IF($AC22<1.3,"IRV120",IF($AC22<1.6,"IRV150",IF($AC22<2.2,"IRV200",IF($AC22<2.7,"IRV300",IF($AC22<4.3,"IRV400",IF($AC22<6.8,"IRV500","X"))))))))))) -> X
A23: TR | D23: DR3605 | G23: LCCTL Scribe Chuck Y-1 | H23: =E23&F23&" "&G23 -> LCCTL Scribe Chuck Y-1 | I23: =IF(OR(LEFT(O23,3)="SGL",LEFT(O23,5)="SGMCS"),"LINEAR","Rotary") -> LINEAR | J23: =IF(OR(RIGHT($H23,1)="Z",LEFT(RIGHT($H23,2),1)="Z",LEFT(RIGHT($H23,3),1)="Z"),"Z",IF(OR(RIGHT($H23,1)="X",LEFT(RIGHT($H23,2),1)="X",LEFT(RIGHT($H23,3),1)="X"),"X",IF(OR(RIGHT($H23,1)="Y",LEFT(RIGHT($H23,2),1)="Y",LEFT(RIGHT($H23,3),1)="Y"),"Y","T"))) -> Y | K23: =VLOOKUP($D23,[4]회선정보!B:F,3,FALSE) -> 0 | L23: =VLOOKUP($D23,[4]회선정보!B:F,4,FALSE) -> 5 | M23: =VLOOKUP($D23,[4]회선정보!B:F,5,FALSE) -> MP6-1 | N23: SGD7W-5R5A20A | O23: SGLFW-35A230AP | P23: =IFERROR(IF($I23="Rotary",LEFT($O23,9),$O23),"") -> SGLFW-35A230AP | Q23: =IF(MID($N22,5,1)<>"W",VLOOKUP(N23,[4]정격용량!$B$3:$K$633,4,FALSE),"X") -> 1500 | R23: =IF(MID(N22,5,1)<>"W",VLOOKUP(N23,[4]정격용량!$B$3:$K$633,3,FALSE),"X") -> 0.3 | S23: =IF(MID(N22,5,1)<>"W",VLOOKUP(N23,[4]정격용량!$B$3:$K$633,6,FALSE),"X") -> 7.8 | T23: =IF(MID($N22,5,1)<>"W",S23*#REF!,"X") -> #REF! | U23: =IF(MID($N22,5,1)<>"W",VLOOKUP(N23,[4]정격용량!$B$3:$K$633,9,FALSE),"X") -> 10 | V23: =IFERROR(IF(J23="Z",VLOOKUP(P23,'[4]SERVO CABLE'!G:AD,8,FALSE),VLOOKUP(P23,'[4]SERVO CABLE'!G:AD,4,FALSE)),"") -> JZSP-CLN11-01-E | W23: =IFERROR(VLOOKUP(P23,'[4]SERVO CABLE'!G:AD,17,FALSE),"") -> JZSP-CLP70-□-ER | Y23: 1 | Z23: =IF($Y23=1,$R$9,"") -> 0.2 | AA23: =IF($Y23=2,$R$9,"") | AB23: =IF($Y23=3,$R$9,"") | AC23: =IF(MID($N22,5,1)<>"W",((700*700)/$Q23*1.509)/1000,"X") -> 0.49294 | AD23: =IF($AC23="X","X",IF($AC23<0.1,"X",IF($AC23<0.27,"IRV60",IF($AC23<0.91,"IRV80",IF($AC23<1.1,"IRV100",IF($AC23<1.3,"IRV120",IF($AC23<1.6,"IRV150",IF($AC23<2.2,"IRV200",IF($AC23<2.7,"IRV300",IF($AC23<4.3,"IRV400",IF($AC23<6.8,"IRV500","X"))))))))))) -> IRV80
A24: RE | D24: DR3606 | G24: LCCTL Scribe Chuck Y-2 | H24: =E24&F24&" "&G24 -> LCCTL Scribe Chuck Y-2 | I24: =IF(OR(LEFT(O24,3)="SGL",LEFT(O24,5)="SGMCS"),"LINEAR","Rotary") -> LINEAR | J24: =IF(OR(RIGHT($H24,1)="Z",LEFT(RIGHT($H24,2),1)="Z",LEFT(RIGHT($H24,3),1)="Z"),"Z",IF(OR(RIGHT($H24,1)="X",LEFT(RIGHT($H24,2),1)="X",LEFT(RIGHT($H24,3),1)="X"),"X",IF(OR(RIGHT($H24,1)="Y",LEFT(RIGHT($H24,2),1)="Y",LEFT(RIGHT($H24,3),1)="Y"),"Y","T"))) -> Y | K24: =VLOOKUP($D24,[4]회선정보!B:F,3,FALSE) -> 0 | L24: =VLOOKUP($D24,[4]회선정보!B:F,4,FALSE) -> 6 | M24: =VLOOKUP($D24,[4]회선정보!B:F,5,FALSE) -> MP6-1 | O24: SGLFW-35A230AP | P24: =IFERROR(IF($I24="Rotary",LEFT($O24,9),$O24),"") -> SGLFW-35A230AP | Q24: =IF(MID($N23,5,1)<>"W",VLOOKUP(N24,[4]정격용량!$B$3:$K$633,4,FALSE),"X") -> X | R24: =IF(MID(N23,5,1)<>"W",VLOOKUP(N24,[4]정격용량!$B$3:$K$633,3,FALSE),"X") -> X | S24: =IF(MID(N23,5,1)<>"W",VLOOKUP(N24,[4]정격용량!$B$3:$K$633,6,FALSE),"X") -> X | T24: =IF(MID($N23,5,1)<>"W",S24*#REF!,"X") -> X | U24: =IF(MID($N23,5,1)<>"W",VLOOKUP(N24,[4]정격용량!$B$3:$K$633,9,FALSE),"X") -> X | V24: =IFERROR(IF(J24="Z",VLOOKUP(P24,'[4]SERVO CABLE'!G:AD,8,FALSE),VLOOKUP(P24,'[4]SERVO CABLE'!G:AD,4,FALSE)),"") -> JZSP-CLN11-01-E | W24: =IFERROR(VLOOKUP(P24,'[4]SERVO CABLE'!G:AD,17,FALSE),"") -> JZSP-CLP70-□-ER | Z24: =IF($Y24=1,$R$9,"") | AA24: =IF($Y24=2,$R$9,"") | AB24: =IF($Y24=3,$R$9,"") | AC24: =IF(MID($N23,5,1)<>"W",((700*700)/$Q24*1.509)/1000,"X") -> X | AD24: =IF($AC24="X","X",IF($AC24<0.1,"X",IF($AC24<0.27,"IRV60",IF($AC24<0.91,"IRV80",IF($AC24<1.1,"IRV100",IF($AC24<1.3,"IRV120",IF($AC24<1.6,"IRV150",IF($AC24<2.2,"IRV200",IF($AC24<2.7,"IRV300",IF($AC24<4.3,"IRV400",IF($AC24<6.8,"IRV500","X"))))))))))) -> X
A25: RE | D25: DR3607 | G25: LCCTL Scribe Chuck Z1 | H25: =E25&F25&" "&G25 -> LCCTL Scribe Chuck Z1 | I25: =IF(OR(LEFT(O25,3)="SGL",LEFT(O25,5)="SGMCS"),"LINEAR","Rotary") -> Rotary | J25: =IF(OR(RIGHT($H25,1)="Z",LEFT(RIGHT($H25,2),1)="Z",LEFT(RIGHT($H25,3),1)="Z"),"Z",IF(OR(RIGHT($H25,1)="X",LEFT(RIGHT($H25,2),1)="X",LEFT(RIGHT($H25,3),1)="X"),"X",IF(OR(RIGHT($H25,1)="Y",LEFT(RIGHT($H25,2),1)="Y",LEFT(RIGHT($H25,3),1)="Y"),"Y","T"))) -> Z | K25: =VLOOKUP($D25,[4]회선정보!B:F,3,FALSE) -> 0 | L25: =VLOOKUP($D25,[4]회선정보!B:F,4,FALSE) -> 7 | M25: =VLOOKUP($D25,[4]회선정보!B:F,5,FALSE) -> MP6-1 | N25: SGD7S-1R6A20A | O25: SGM7J-A5A7A21 | P25: =IFERROR(IF($I25="Rotary",LEFT($O25,9),$O25),"") -> SGM7J-A5A | Q25: =IF(MID($N24,5,1)<>"W",VLOOKUP(N25,[4]정격용량!$B$3:$K$633,4,FALSE),"X") -> 200 | R25: =IF(MID(N24,5,1)<>"W",VLOOKUP(N25,[4]정격용량!$B$3:$K$633,3,FALSE),"X") -> 0.2 | S25: =IF(MID(N24,5,1)<>"W",VLOOKUP(N25,[4]정격용량!$B$3:$K$633,6,FALSE),"X") -> 1.3 | T25: =IF(MID($N24,5,1)<>"W",S25*#REF!,"X") -> #REF! | U25: =IF(MID($N24,5,1)<>"W",VLOOKUP(N25,[4]정격용량!$B$3:$K$633,9,FALSE),"X") -> 2 | V25: =IFERROR(IF(J25="Z",VLOOKUP(P25,'[4]SERVO CABLE'!G:AD,8,FALSE),VLOOKUP(P25,'[4]SERVO CABLE'!G:AD,4,FALSE)),"") -> JZSP-C7M14F-□-E | W25: =IFERROR(VLOOKUP(P25,'[4]SERVO CABLE'!G:AD,17,FALSE),"") -> JZSP-C7PA2D-□-E | Y25: 2 | Z25: =IF($Y25=1,$R$9,"") | AA25: =IF($Y25=2,$R$9,"") -> 0.2 | AB25: =IF($Y25=3,$R$9,"") | AC25: =IF(MID($N24,5,1)<>"W",((700*700)/$Q25*1.509)/1000,"X") -> 3.69705 | AD25: =IF($AC25="X","X",IF($AC25<0.1,"X",IF($AC25<0.27,"IRV60",IF($AC25<0.91,"IRV80",IF($AC25<1.1,"IRV100",IF($AC25<1.3,"IRV120",IF($AC25<1.6,"IRV150",IF($AC25<2.2,"IRV200",IF($AC25<2.7,"IRV300",IF($AC25<4.3,"IRV400",IF($AC25<6.8,"IRV500","X"))))))))))) -> IRV400
A26: RE | D26: DR3608 | G26: LCCTL Scribe Chuck Z2 | H26: =E26&F26&" "&G26 -> LCCTL Scribe Chuck Z2 | I26: =IF(OR(LEFT(O26,3)="SGL",LEFT(O26,5)="SGMCS"),"LINEAR","Rotary") -> Rotary | J26: =IF(OR(RIGHT($H26,1)="Z",LEFT(RIGHT($H26,2),1)="Z",LEFT(RIGHT($H26,3),1)="Z"),"Z",IF(OR(RIGHT($H26,1)="X",LEFT(RIGHT($H26,2),1)="X",LEFT(RIGHT($H26,3),1)="X"),"X",IF(OR(RIGHT($H26,1)="Y",LEFT(RIGHT($H26,2),1)="Y",LEFT(RIGHT($H26,3),1)="Y"),"Y","T"))) -> Z | K26: =VLOOKUP($D26,[4]회선정보!B:F,3,FALSE) -> 0 | L26: =VLOOKUP($D26,[4]회선정보!B:F,4,FALSE) -> 8 | M26: =VLOOKUP($D26,[4]회선정보!B:F,5,FALSE) -> MP6-1 | N26: SGD7S-1R6A20A | O26: SGM7J-A5A7A21 | P26: =IFERROR(IF($I26="Rotary",LEFT($O26,9),$O26),"") -> SGM7J-A5A | Q26: =IF(MID($N25,5,1)<>"W",VLOOKUP(N26,[4]정격용량!$B$3:$K$633,4,FALSE),"X") -> 200 | R26: =IF(MID(N25,5,1)<>"W",VLOOKUP(N26,[4]정격용량!$B$3:$K$633,3,FALSE),"X") -> 0.2 | S26: =IF(MID(N25,5,1)<>"W",VLOOKUP(N26,[4]정격용량!$B$3:$K$633,6,FALSE),"X") -> 1.3 | T26: =IF(MID($N25,5,1)<>"W",S26*#REF!,"X") -> #REF! | U26: =IF(MID($N25,5,1)<>"W",VLOOKUP(N26,[4]정격용량!$B$3:$K$633,9,FALSE),"X") -> 2 | V26: =IFERROR(IF(J26="Z",VLOOKUP(P26,'[4]SERVO CABLE'!G:AD,8,FALSE),VLOOKUP(P26,'[4]SERVO CABLE'!G:AD,4,FALSE)),"") -> JZSP-C7M14F-□-E | W26: =IFERROR(VLOOKUP(P26,'[4]SERVO CABLE'!G:AD,17,FALSE),"") -> JZSP-C7PA2D-□-E | Y26: 3 | Z26: =IF($Y26=1,$R$9,"") | AA26: =IF($Y26=2,$R$9,"") | AB26: =IF($Y26=3,$R$9,"") -> 0.2 | AC26: =IF(MID($N25,5,1)<>"W",((700*700)/$Q26*1.509)/1000,"X") -> 3.69705 | AD26: =IF($AC26="X","X",IF($AC26<0.1,"X",IF($AC26<0.27,"IRV60",IF($AC26<0.91,"IRV80",IF($AC26<1.1,"IRV100",IF($AC26<1.3,"IRV120",IF($AC26<1.6,"IRV150",IF($AC26<2.2,"IRV200",IF($AC26<2.7,"IRV300",IF($AC26<4.3,"IRV400",IF($AC26<6.8,"IRV500","X"))))))))))) -> IRV400
A27: SC | D27: DR3609 | G27: LCCTL Scribe Chuck Z3 | H27: =E27&F27&" "&G27 -> LCCTL Scribe Chuck Z3 | I27: =IF(OR(LEFT(O27,3)="SGL",LEFT(O27,5)="SGMCS"),"LINEAR","Rotary") -> Rotary | J27: =IF(OR(RIGHT($H27,1)="Z",LEFT(RIGHT($H27,2),1)="Z",LEFT(RIGHT($H27,3),1)="Z"),"Z",IF(OR(RIGHT($H27,1)="X",LEFT(RIGHT($H27,2),1)="X",LEFT(RIGHT($H27,3),1)="X"),"X",IF(OR(RIGHT($H27,1)="Y",LEFT(RIGHT($H27,2),1)="Y",LEFT(RIGHT($H27,3),1)="Y"),"Y","T"))) -> Z | K27: =VLOOKUP($D27,[4]회선정보!B:F,3,FALSE) -> 0 | L27: =VLOOKUP($D27,[4]회선정보!B:F,4,FALSE) -> 9 | M27: =VLOOKUP($D27,[4]회선정보!B:F,5,FALSE) -> MP6-1 | N27: SGD7S-1R6A20A | O27: SGM7J-A5A7A21 | P27: =IFERROR(IF($I27="Rotary",LEFT($O27,9),$O27),"") -> SGM7J-A5A | Q27: =IF(MID($N26,5,1)<>"W",VLOOKUP(N27,[4]정격용량!$B$3:$K$633,4,FALSE),"X") -> 200 | R27: =IF(MID(N26,5,1)<>"W",VLOOKUP(N27,[4]정격용량!$B$3:$K$633,3,FALSE),"X") -> 0.2 | S27: =IF(MID(N26,5,1)<>"W",VLOOKUP(N27,[4]정격용량!$B$3:$K$633,6,FALSE),"X") -> 1.3 | T27: =IF(MID($N26,5,1)<>"W",S27*#REF!,"X") -> #REF! | U27: =IF(MID($N26,5,1)<>"W",VLOOKUP(N27,[4]정격용량!$B$3:$K$633,9,FALSE),"X") -> 2 | V27: =IFERROR(IF(J27="Z",VLOOKUP(P27,'[4]SERVO CABLE'!G:AD,8,FALSE),VLOOKUP(P27,'[4]SERVO CABLE'!G:AD,4,FALSE)),"") -> JZSP-C7M14F-□-E | W27: =IFERROR(VLOOKUP(P27,'[4]SERVO CABLE'!G:AD,17,FALSE),"") -> JZSP-C7PA2D-□-E | Y27: 1 | Z27: =IF($Y27=1,$R$9,"") -> 0.2 | AA27: =IF($Y27=2,$R$9,"") | AB27: =IF($Y27=3,$R$9,"") | AC27: =IF(MID($N26,5,1)<>"W",((700*700)/$Q27*1.509)/1000,"X") -> 3.69705 | AD27: =IF($AC27="X","X",IF($AC27<0.1,"X",IF($AC27<0.27,"IRV60",IF($AC27<0.91,"IRV80",IF($AC27<1.1,"IRV100",IF($AC27<1.3,"IRV120",IF($AC27<1.6,"IRV150",IF($AC27<2.2,"IRV200",IF($AC27<2.7,"IRV300",IF($AC27<4.3,"IRV400",IF($AC27<6.8,"IRV500","X"))))))))))) -> IRV400
A28: SC | D28: DR360B | G28: LCCTL Push Bar Y-1 | H28: =E28&F28&" "&G28 -> LCCTL Push Bar Y-1 | I28: =IF(OR(LEFT(O28,3)="SGL",LEFT(O28,5)="SGMCS"),"LINEAR","Rotary") -> Rotary | J28: =IF(OR(RIGHT($H28,1)="Z",LEFT(RIGHT($H28,2),1)="Z",LEFT(RIGHT($H28,3),1)="Z"),"Z",IF(OR(RIGHT($H28,1)="X",LEFT(RIGHT($H28,2),1)="X",LEFT(RIGHT($H28,3),1)="X"),"X",IF(OR(RIGHT($H28,1)="Y",LEFT(RIGHT($H28,2),1)="Y",LEFT(RIGHT($H28,3),1)="Y"),"Y","T"))) -> Y | K28: =VLOOKUP($D28,[4]회선정보!B:F,3,FALSE) -> 0 | L28: =VLOOKUP($D28,[4]회선정보!B:F,4,FALSE) -> B | M28: =VLOOKUP($D28,[4]회선정보!B:F,5,FALSE) -> MP6-1 | N28: SGD7W-5R5A20A | O28: SGM7J-08A7A21 | P28: =IFERROR(IF($I28="Rotary",LEFT($O28,9),$O28),"") -> SGM7J-08A | Q28: =IF(MID($N27,5,1)<>"W",VLOOKUP(N28,[4]정격용량!$B$3:$K$633,4,FALSE),"X") -> 1500 | R28: =IF(MID(N27,5,1)<>"W",VLOOKUP(N28,[4]정격용량!$B$3:$K$633,3,FALSE),"X") -> 0.3 | S28: =IF(MID(N27,5,1)<>"W",VLOOKUP(N28,[4]정격용량!$B$3:$K$633,6,FALSE),"X") -> 7.8 | T28: =IF(MID($N27,5,1)<>"W",S28*#REF!,"X") -> #REF! | U28: =IF(MID($N27,5,1)<>"W",VLOOKUP(N28,[4]정격용량!$B$3:$K$633,9,FALSE),"X") -> 10 | V28: =IFERROR(IF(J28="Z",VLOOKUP(P28,'[4]SERVO CABLE'!G:AD,8,FALSE),VLOOKUP(P28,'[4]SERVO CABLE'!G:AD,4,FALSE)),"") -> JZSP-C7M32F-□-E | W28: =IFERROR(VLOOKUP(P28,'[4]SERVO CABLE'!G:AD,17,FALSE),"") -> JZSP-C7PA2D-□-E | Y28: 2 | Z28: =IF($Y28=1,$R$9,"") | AA28: =IF($Y28=2,$R$9,"") -> 0.2 | AB28: =IF($Y28=3,$R$9,"") | AC28: =IF(MID($N27,5,1)<>"W",((700*700)/$Q28*1.509)/1000,"X") -> 0.49294 | AD28: =IF($AC28="X","X",IF($AC28<0.1,"X",IF($AC28<0.27,"IRV60",IF($AC28<0.91,"IRV80",IF($AC28<1.1,"IRV100",IF($AC28<1.3,"IRV120",IF($AC28<1.6,"IRV150",IF($AC28<2.2,"IRV200",IF($AC28<2.7,"IRV300",IF($AC28<4.3,"IRV400",IF($AC28<6.8,"IRV500","X"))))))))))) -> IRV80
A29: SC | D29: DR360C | G29: LCCTL Push Bar Y-2 | H29: =E29&F29&" "&G29 -> LCCTL Push Bar Y-2 | I29: =IF(OR(LEFT(O29,3)="SGL",LEFT(O29,5)="SGMCS"),"LINEAR","Rotary") -> Rotary | J29: =IF(OR(RIGHT($H29,1)="Z",LEFT(RIGHT($H29,2),1)="Z",LEFT(RIGHT($H29,3),1)="Z"),"Z",IF(OR(RIGHT($H29,1)="X",LEFT(RIGHT($H29,2),1)="X",LEFT(RIGHT($H29,3),1)="X"),"X",IF(OR(RIGHT($H29,1)="Y",LEFT(RIGHT($H29,2),1)="Y",LEFT(RIGHT($H29,3),1)="Y"),"Y","T"))) -> Y | K29: =VLOOKUP($D29,[4]회선정보!B:F,3,FALSE) -> 0 | L29: =VLOOKUP($D29,[4]회선정보!B:F,4,FALSE) -> C | M29: =VLOOKUP($D29,[4]회선정보!B:F,5,FALSE) -> MP6-1 | O29: SGM7J-08A7A21 | P29: =IFERROR(IF($I29="Rotary",LEFT($O29,9),$O29),"") -> SGM7J-08A | Q29: =IF(MID($N28,5,1)<>"W",VLOOKUP(N29,[4]정격용량!$B$3:$K$633,4,FALSE),"X") -> X | R29: =IF(MID(N28,5,1)<>"W",VLOOKUP(N29,[4]정격용량!$B$3:$K$633,3,FALSE),"X") -> X | S29: =IF(MID(N28,5,1)<>"W",VLOOKUP(N29,[4]정격용량!$B$3:$K$633,6,FALSE),"X") -> X | T29: =IF(MID($N28,5,1)<>"W",S29*#REF!,"X") -> X | U29: =IF(MID($N28,5,1)<>"W",VLOOKUP(N29,[4]정격용량!$B$3:$K$633,9,FALSE),"X") -> X | V29: =IFERROR(IF(J29="Z",VLOOKUP(P29,'[4]SERVO CABLE'!G:AD,8,FALSE),VLOOKUP(P29,'[4]SERVO CABLE'!G:AD,4,FALSE)),"") -> JZSP-C7M32F-□-E | W29: =IFERROR(VLOOKUP(P29,'[4]SERVO CABLE'!G:AD,17,FALSE),"") -> JZSP-C7PA2D-□-E | Z29: =IF($Y29=1,$R$9,"") | AA29: =IF($Y29=2,$R$9,"") | AB29: =IF($Y29=3,$R$9,"") | AC29: =IF(MID($N28,5,1)<>"W",((700*700)/$Q29*1.509)/1000,"X") -> X | AD29: =IF($AC29="X","X",IF($AC29<0.1,"X",IF($AC29<0.27,"IRV60",IF($AC29<0.91,"IRV80",IF($AC29<1.1,"IRV100",IF($AC29<1.3,"IRV120",IF($AC29<1.6,"IRV150",IF($AC29<2.2,"IRV200",IF($AC29<2.7,"IRV300",IF($AC29<4.3,"IRV400",IF($AC29<6.8,"IRV500","X"))))))))))) -> X
A30: SC | D30: DR360D | G30: LCCTL Push Bar Z | H30: =E30&F30&" "&G30 -> LCCTL Push Bar Z | I30: =IF(OR(LEFT(O30,3)="SGL",LEFT(O30,5)="SGMCS"),"LINEAR","Rotary") -> Rotary | J30: =IF(OR(RIGHT($H30,1)="Z",LEFT(RIGHT($H30,2),1)="Z",LEFT(RIGHT($H30,3),1)="Z"),"Z",IF(OR(RIGHT($H30,1)="X",LEFT(RIGHT($H30,2),1)="X",LEFT(RIGHT($H30,3),1)="X"),"X",IF(OR(RIGHT($H30,1)="Y",LEFT(RIGHT($H30,2),1)="Y",LEFT(RIGHT($H30,3),1)="Y"),"Y","T"))) -> Z | K30: =VLOOKUP($D30,[4]회선정보!B:F,3,FALSE) -> 0 | L30: =VLOOKUP($D30,[4]회선정보!B:F,4,FALSE) -> D | M30: =VLOOKUP($D30,[4]회선정보!B:F,5,FALSE) -> MP6-1 | N30: SGD7W-2R8A20A | O30: SGM7J-04A7A2C | P30: =IFERROR(IF($I30="Rotary",LEFT($O30,9),$O30),"") -> SGM7J-04A | Q30: =IF(MID($N29,5,1)<>"W",VLOOKUP(N30,[4]정격용량!$B$3:$K$633,4,FALSE),"X") -> 800 | R30: =IF(MID(N29,5,1)<>"W",VLOOKUP(N30,[4]정격용량!$B$3:$K$633,3,FALSE),"X") -> 0.3 | S30: =IF(MID(N29,5,1)<>"W",VLOOKUP(N30,[4]정격용량!$B$3:$K$633,6,FALSE),"X") -> 4.7 | T30: =IF(MID($N29,5,1)<>"W",S30*#REF!,"X") -> #REF! | U30: =IF(MID($N29,5,1)<>"W",VLOOKUP(N30,[4]정격용량!$B$3:$K$633,9,FALSE),"X") -> 7 | V30: =IFERROR(IF(J30="Z",VLOOKUP(P30,'[4]SERVO CABLE'!G:AD,8,FALSE),VLOOKUP(P30,'[4]SERVO CABLE'!G:AD,4,FALSE)),"") -> JZSP-C7M24F-□-E | W30: =IFERROR(VLOOKUP(P30,'[4]SERVO CABLE'!G:AD,17,FALSE),"") -> JZSP-C7PA2D-□-E | Y30: 1 | Z30: =IF($Y30=1,$R$9,"") -> 0.2 | AA30: =IF($Y30=2,$R$9,"") | AB30: =IF($Y30=3,$R$9,"") | AC30: =IF(MID($N29,5,1)<>"W",((700*700)/$Q30*1.509)/1000,"X") -> 0.9242625 | AD30: =IF($AC30="X","X",IF($AC30<0.1,"X",IF($AC30<0.27,"IRV60",IF($AC30<0.91,"IRV80",IF($AC30<1.1,"IRV100",IF($AC30<1.3,"IRV120",IF($AC30<1.6,"IRV150",IF($AC30<2.2,"IRV200",IF($AC30<2.7,"IRV300",IF($AC30<4.3,"IRV400",IF($AC30<6.8,"IRV500","X"))))))))))) -> IRV100
A31: SC | D31: DR360E | G31: LCCTL Break Table Y-1 | H31: =E31&F31&" "&G31 -> LCCTL Break Table Y-1 | I31: =IF(OR(LEFT(O31,3)="SGL",LEFT(O31,5)="SGMCS"),"LINEAR","Rotary") -> LINEAR | J31: =IF(OR(RIGHT($H31,1)="Z",LEFT(RIGHT($H31,2),1)="Z",LEFT(RIGHT($H31,3),1)="Z"),"Z",IF(OR(RIGHT($H31,1)="X",LEFT(RIGHT($H31,2),1)="X",LEFT(RIGHT($H31,3),1)="X"),"X",IF(OR(RIGHT($H31,1)="Y",LEFT(RIGHT($H31,2),1)="Y",LEFT(RIGHT($H31,3),1)="Y"),"Y","T"))) -> Y | K31: =VLOOKUP($D31,[4]회선정보!B:F,3,FALSE) -> 0 | L31: =VLOOKUP($D31,[4]회선정보!B:F,4,FALSE) -> E | M31: =VLOOKUP($D31,[4]회선정보!B:F,5,FALSE) -> MP6-1 | N31: SGD7W-5R5A20A | O31: SGLFW-35A230AP | P31: =IFERROR(IF($I31="Rotary",LEFT($O31,9),$O31),"") -> SGLFW-35A230AP | Q31: =IF(MID($N30,5,1)<>"W",VLOOKUP(N31,[4]정격용량!$B$3:$K$633,4,FALSE),"X") -> X | R31: =IF(MID(N30,5,1)<>"W",VLOOKUP(N31,[4]정격용량!$B$3:$K$633,3,FALSE),"X") -> X | S31: =IF(MID(N30,5,1)<>"W",VLOOKUP(N31,[4]정격용량!$B$3:$K$633,6,FALSE),"X") -> X | T31: =IF(MID($N30,5,1)<>"W",S31*#REF!,"X") -> X | U31: =IF(MID($N30,5,1)<>"W",VLOOKUP(N31,[4]정격용량!$B$3:$K$633,9,FALSE),"X") -> X | V31: =IFERROR(IF(J31="Z",VLOOKUP(P31,'[4]SERVO CABLE'!G:AD,8,FALSE),VLOOKUP(P31,'[4]SERVO CABLE'!G:AD,4,FALSE)),"") -> JZSP-CLN11-01-E | W31: =IFERROR(VLOOKUP(P31,'[4]SERVO CABLE'!G:AD,17,FALSE),"") -> JZSP-CLP70-□-ER | Y31: 2 | Z31: =IF($Y31=1,$R$9,"") | AA31: =IF($Y31=2,$R$9,"") -> 0.2 | AB31: =IF($Y31=3,$R$9,"") | AC31: =IF(MID($N30,5,1)<>"W",((700*700)/$Q31*1.509)/1000,"X") -> X | AD31: =IF($AC31="X","X",IF($AC31<0.1,"X",IF($AC31<0.27,"IRV60",IF($AC31<0.91,"IRV80",IF($AC31<1.1,"IRV100",IF($AC31<1.3,"IRV120",IF($AC31<1.6,"IRV150",IF($AC31<2.2,"IRV200",IF($AC31<2.7,"IRV300",IF($AC31<4.3,"IRV400",IF($AC31<6.8,"IRV500","X"))))))))))) -> X
A32: SC | D32: DR360F | G32: LCCTL Break Table Y-2 | H32: =E32&F32&" "&G32 -> LCCTL Break Table Y-2 | I32: =IF(OR(LEFT(O32,3)="SGL",LEFT(O32,5)="SGMCS"),"LINEAR","Rotary") -> LINEAR | J32: =IF(OR(RIGHT($H32,1)="Z",LEFT(RIGHT($H32,2),1)="Z",LEFT(RIGHT($H32,3),1)="Z"),"Z",IF(OR(RIGHT($H32,1)="X",LEFT(RIGHT($H32,2),1)="X",LEFT(RIGHT($H32,3),1)="X"),"X",IF(OR(RIGHT($H32,1)="Y",LEFT(RIGHT($H32,2),1)="Y",LEFT(RIGHT($H32,3),1)="Y"),"Y","T"))) -> Y | K32: =VLOOKUP($D32,[4]회선정보!B:F,3,FALSE) -> 0 | L32: =VLOOKUP($D32,[4]회선정보!B:F,4,FALSE) -> F | M32: =VLOOKUP($D32,[4]회선정보!B:F,5,FALSE) -> MP6-1 | O32: SGLFW-35A230AP | P32: =IFERROR(IF($I32="Rotary",LEFT($O32,9),$O32),"") -> SGLFW-35A230AP | Q32: =IF(MID($N31,5,1)<>"W",VLOOKUP(N32,[4]정격용량!$B$3:$K$633,4,FALSE),"X") -> X | R32: =IF(MID(N31,5,1)<>"W",VLOOKUP(N32,[4]정격용량!$B$3:$K$633,3,FALSE),"X") -> X | S32: =IF(MID(N31,5,1)<>"W",VLOOKUP(N32,[4]정격용량!$B$3:$K$633,6,FALSE),"X") -> X | T32: =IF(MID($N31,5,1)<>"W",S32*#REF!,"X") -> X | U32: =IF(MID($N31,5,1)<>"W",VLOOKUP(N32,[4]정격용량!$B$3:$K$633,9,FALSE),"X") -> X | V32: =IFERROR(IF(J32="Z",VLOOKUP(P32,'[4]SERVO CABLE'!G:AD,8,FALSE),VLOOKUP(P32,'[4]SERVO CABLE'!G:AD,4,FALSE)),"") -> JZSP-CLN11-01-E | W32: =IFERROR(VLOOKUP(P32,'[4]SERVO CABLE'!G:AD,17,FALSE),"") -> JZSP-CLP70-□-ER | Z32: =IF($Y32=1,$R$9,"") | AA32: =IF($Y32=2,$R$9,"") | AB32: =IF($Y32=3,$R$9,"") | AC32: =IF(MID($N31,5,1)<>"W",((700*700)/$Q32*1.509)/1000,"X") -> X | AD32: =IF($AC32="X","X",IF($AC32<0.1,"X",IF($AC32<0.27,"IRV60",IF($AC32<0.91,"IRV80",IF($AC32<1.1,"IRV100",IF($AC32<1.3,"IRV120",IF($AC32<1.6,"IRV150",IF($AC32<2.2,"IRV200",IF($AC32<2.7,"IRV300",IF($AC32<4.3,"IRV400",IF($AC32<6.8,"IRV500","X"))))))))))) -> X
A33: SC | D33: DR3610 | G33: LCCTL Break Table Z-1 | H33: =E33&F33&" "&G33 -> LCCTL Break Table Z-1 | I33: =IF(OR(LEFT(O33,3)="SGL",LEFT(O33,5)="SGMCS"),"LINEAR","Rotary") -> Rotary | J33: =IF(OR(RIGHT($H33,1)="Z",LEFT(RIGHT($H33,2),1)="Z",LEFT(RIGHT($H33,3),1)="Z"),"Z",IF(OR(RIGHT($H33,1)="X",LEFT(RIGHT($H33,2),1)="X",LEFT(RIGHT($H33,3),1)="X"),"X",IF(OR(RIGHT($H33,1)="Y",LEFT(RIGHT($H33,2),1)="Y",LEFT(RIGHT($H33,3),1)="Y"),"Y","T"))) -> Z | K33: =VLOOKUP($D33,[4]회선정보!B:F,3,FALSE) -> 1 | L33: =VLOOKUP($D33,[4]회선정보!B:F,4,FALSE) -> 0 | M33: =VLOOKUP($D33,[4]회선정보!B:F,5,FALSE) -> MP6-1 | N33: SGD7W-5R5A20A | O33: SGM7J-08A7A2C | P33: =IFERROR(IF($I33="Rotary",LEFT($O33,9),$O33),"") -> SGM7J-08A | Q33: =IF(MID($N32,5,1)<>"W",VLOOKUP(N33,[4]정격용량!$B$3:$K$633,4,FALSE),"X") -> 1500 | R33: =IF(MID(N32,5,1)<>"W",VLOOKUP(N33,[4]정격용량!$B$3:$K$633,3,FALSE),"X") -> 0.3 | S33: =IF(MID(N32,5,1)<>"W",VLOOKUP(N33,[4]정격용량!$B$3:$K$633,6,FALSE),"X") -> 7.8 | U33: =IF(MID($N32,5,1)<>"W",VLOOKUP(N33,[4]정격용량!$B$3:$K$633,9,FALSE),"X") -> 10 | V33: =IFERROR(IF(J33="Z",VLOOKUP(P33,'[4]SERVO CABLE'!G:AD,8,FALSE),VLOOKUP(P33,'[4]SERVO CABLE'!G:AD,4,FALSE)),"") -> JZSP-C7M34F-□-E | W33: =IFERROR(VLOOKUP(P33,'[4]SERVO CABLE'!G:AD,17,FALSE),"") -> JZSP-C7PA2D-□-E | Y33: 3 | Z33: =IF($Y33=1,$R$9,"") | AA33: =IF($Y33=2,$R$9,"") | AB33: =IF($Y33=3,$R$9,"") -> 0.2 | AC33: =IF(MID($N32,5,1)<>"W",((700*700)/$Q33*1.509)/1000,"X") -> 0.49294 | AD33: =IF($AC33="X","X",IF($AC33<0.1,"X",IF($AC33<0.27,"IRV60",IF($AC33<0.91,"IRV80",IF($AC33<1.1,"IRV100",IF($AC33<1.3,"IRV120",IF($AC33<1.6,"IRV150",IF($AC33<2.2,"IRV200",IF($AC33<2.7,"IRV300",IF($AC33<4.3,"IRV400",IF($AC33<6.8,"IRV500","X"))))))))))) -> IRV80
A34: SC | D34: DR3611 | G34: LCCTL Break Table Z-2 | H34: =E34&F34&" "&G34 -> LCCTL Break Table Z-2 | I34: =IF(OR(LEFT(O34,3)="SGL",LEFT(O34,5)="SGMCS"),"LINEAR","Rotary") -> Rotary | J34: =IF(OR(RIGHT($H34,1)="Z",LEFT(RIGHT($H34,2),1)="Z",LEFT(RIGHT($H34,3),1)="Z"),"Z",IF(OR(RIGHT($H34,1)="X",LEFT(RIGHT($H34,2),1)="X",LEFT(RIGHT($H34,3),1)="X"),"X",IF(OR(RIGHT($H34,1)="Y",LEFT(RIGHT($H34,2),1)="Y",LEFT(RIGHT($H34,3),1)="Y"),"Y","T"))) -> Z | K34: =VLOOKUP($D34,[4]회선정보!B:F,3,FALSE) -> 1 | L34: =VLOOKUP($D34,[4]회선정보!B:F,4,FALSE) -> 1 | M34: =VLOOKUP($D34,[4]회선정보!B:F,5,FALSE) -> MP6-1 | O34: SGM7J-08A7A2C | P34: =IFERROR(IF($I34="Rotary",LEFT($O34,9),$O34),"") -> SGM7J-08A | Q34: =IF(MID($N33,5,1)<>"W",VLOOKUP(N34,[4]정격용량!$B$3:$K$633,4,FALSE),"X") -> X | R34: =IF(MID(N33,5,1)<>"W",VLOOKUP(N34,[4]정격용량!$B$3:$K$633,3,FALSE),"X") -> X | S34: =IF(MID(N33,5,1)<>"W",VLOOKUP(N34,[4]정격용량!$B$3:$K$633,6,FALSE),"X") -> X | T34: =IF(MID($N33,5,1)<>"W",S34*#REF!,"X") -> X | U34: =IF(MID($N33,5,1)<>"W",VLOOKUP(N34,[4]정격용량!$B$3:$K$633,9,FALSE),"X") -> X | V34: =IFERROR(IF(J34="Z",VLOOKUP(P34,'[4]SERVO CABLE'!G:AD,8,FALSE),VLOOKUP(P34,'[4]SERVO CABLE'!G:AD,4,FALSE)),"") -> JZSP-C7M34F-□-E | W34: =IFERROR(VLOOKUP(P34,'[4]SERVO CABLE'!G:AD,17,FALSE),"") -> JZSP-C7PA2D-□-E | Z34: =IF($Y34=1,$R$9,"") | AA34: =IF($Y34=2,$R$9,"") | AB34: =IF($Y34=3,$R$9,"") | AC34: =IF(MID($N33,5,1)<>"W",((700*700)/$Q34*1.509)/1000,"X") -> X | AD34: =IF($AC34="X","X",IF($AC34<0.1,"X",IF($AC34<0.27,"IRV60",IF($AC34<0.91,"IRV80",IF($AC34<1.1,"IRV100",IF($AC34<1.3,"IRV120",IF($AC34<1.6,"IRV150",IF($AC34<2.2,"IRV200",IF($AC34<2.7,"IRV300",IF($AC34<4.3,"IRV400",IF($AC34<6.8,"IRV500","X"))))))))))) -> X
A35: SC | D35: DR3612 | G35: LCCTL Break Table T | H35: =E35&F35&" "&G35 -> LCCTL Break Table T | I35: =IF(OR(LEFT(O35,3)="SGL",LEFT(O35,5)="SGMCS"),"LINEAR","Rotary") -> Rotary | J35: =IF(OR(RIGHT($H35,1)="Z",LEFT(RIGHT($H35,2),1)="Z",LEFT(RIGHT($H35,3),1)="Z"),"Z",IF(OR(RIGHT($H35,1)="X",LEFT(RIGHT($H35,2),1)="X",LEFT(RIGHT($H35,3),1)="X"),"X",IF(OR(RIGHT($H35,1)="Y",LEFT(RIGHT($H35,2),1)="Y",LEFT(RIGHT($H35,3),1)="Y"),"Y","T"))) -> T | K35: =VLOOKUP($D35,[4]회선정보!B:F,3,FALSE) -> 1 | L35: =VLOOKUP($D35,[4]회선정보!B:F,4,FALSE) -> 2 | M35: =VLOOKUP($D35,[4]회선정보!B:F,5,FALSE) -> MP6-1 | N35: SGD7S-2R8A20A | O35: SGM7J-04A7A2C | P35: =IFERROR(IF($I35="Rotary",LEFT($O35,9),$O35),"") -> SGM7J-04A | Q35: =IF(MID($N34,5,1)<>"W",VLOOKUP(N35,[4]정격용량!$B$3:$K$633,4,FALSE),"X") -> 400 | R35: =IF(MID(N34,5,1)<>"W",VLOOKUP(N35,[4]정격용량!$B$3:$K$633,3,FALSE),"X") -> 0.2 | S35: =IF(MID(N34,5,1)<>"W",VLOOKUP(N35,[4]정격용량!$B$3:$K$633,6,FALSE),"X") -> 2.5 | T35: =IF(MID($N34,5,1)<>"W",S35*#REF!,"X") -> #REF! | U35: =IF(MID($N34,5,1)<>"W",VLOOKUP(N35,[4]정격용량!$B$3:$K$633,9,FALSE),"X") -> 3 | V35: =IFERROR(IF(J35="Z",VLOOKUP(P35,'[4]SERVO CABLE'!G:AD,8,FALSE),VLOOKUP(P35,'[4]SERVO CABLE'!G:AD,8,FALSE)),"") -> JZSP-C7M24F-□-E | W35: =IFERROR(VLOOKUP(P35,'[4]SERVO CABLE'!G:AD,17,FALSE),"") -> JZSP-C7PA2D-□-E | Y35: 1 | Z35: =IF($Y35=1,$R$9,"") -> 0.2 | AA35: =IF($Y35=2,$R$9,"") | AB35: =IF($Y35=3,$R$9,"") | AC35: =IF(MID($N34,5,1)<>"W",((700*700)/$Q35*1.509)/1000,"X") -> 1.848525 | AD35: =IF($AC35="X","X",IF($AC35<0.1,"X",IF($AC35<0.27,"IRV60",IF($AC35<0.91,"IRV80",IF($AC35<1.1,"IRV100",IF($AC35<1.3,"IRV120",IF($AC35<1.6,"IRV150",IF($AC35<2.2,"IRV200",IF($AC35<2.7,"IRV300",IF($AC35<4.3,"IRV400",IF($AC35<6.8,"IRV500","X"))))))))))) -> IRV200
A36: SC | D36: DR3703 | G36: LCCTR Cutter X | H36: =E36&F36&" "&G36 -> LCCTR Cutter X | I36: =IF(OR(LEFT(O36,3)="SGL",LEFT(O36,5)="SGMCS"),"LINEAR","Rotary") -> LINEAR | J36: =IF(OR(RIGHT($H36,1)="Z",LEFT(RIGHT($H36,2),1)="Z",LEFT(RIGHT($H36,3),1)="Z"),"Z",IF(OR(RIGHT($H36,1)="X",LEFT(RIGHT($H36,2),1)="X",LEFT(RIGHT($H36,3),1)="X"),"X",IF(OR(RIGHT($H36,1)="Y",LEFT(RIGHT($H36,2),1)="Y",LEFT(RIGHT($H36,3),1)="Y"),"Y","T"))) -> X | K36: =VLOOKUP($D36,[4]회선정보!B:F,3,FALSE) -> 0 | L36: =VLOOKUP($D36,[4]회선정보!B:F,4,FALSE) -> 3 | M36: =VLOOKUP($D36,[4]회선정보!B:F,5,FALSE) -> MP7-1 | N36: SGD7W-1R6A20A | O36: SGLGW-60A140C | P36: =IFERROR(IF($I36="Rotary",LEFT($O36,9),$O36),"") -> SGLGW-60A140C | Q36: =IF(MID($N35,5,1)<>"W",VLOOKUP(N36,[4]정격용량!$B$3:$K$633,4,FALSE),"X") -> 400 | R36: =IF(MID(N35,5,1)<>"W",VLOOKUP(N36,[4]정격용량!$B$3:$K$633,3,FALSE),"X") -> 0.3 | S36: =IF(MID(N35,5,1)<>"W",VLOOKUP(N36,[4]정격용량!$B$3:$K$633,6,FALSE),"X") -> 2.5 | T36: =IF(MID($N35,5,1)<>"W",S36*#REF!,"X") -> #REF! | U36: =IF(MID($N35,5,1)<>"W",VLOOKUP(N36,[4]정격용량!$B$3:$K$633,9,FALSE),"X") -> 3 | V36: =IFERROR(IF(J36="Z",VLOOKUP(P36,'[4]SERVO CABLE'!G:AD,8,FALSE),VLOOKUP(P36,'[4]SERVO CABLE'!G:AD,4,FALSE)),"") -> JZSP-CLN11-□ | W36: =IFERROR(VLOOKUP(P36,'[4]SERVO CABLE'!G:AD,17,FALSE),"") -> JZSP-CLP70-□-ER | Y36: 2 | Z36: =IF($Y36=1,$R$9,"") | AA36: =IF($Y36=2,$R$9,"") -> 0.2 | AB36: =IF($Y36=3,$R$9,"") | AC36: =IF(MID($N35,5,1)<>"W",((700*700)/$Q36*1.509)/1000,"X") -> 1.848525 | AD36: =IF($AC36="X","X",IF($AC36<0.1,"X",IF($AC36<0.27,"IRV60",IF($AC36<0.91,"IRV80",IF($AC36<1.1,"IRV100",IF($AC36<1.3,"IRV120",IF($AC36<1.6,"IRV150",IF($AC36<2.2,"IRV200",IF($AC36<2.7,"IRV300",IF($AC36<4.3,"IRV400",IF($AC36<6.8,"IRV500","X"))))))))))) -> IRV200
A37: SC | D37: DR3704 | G37: LCCTR Camera X | H37: =E37&F37&" "&G37 -> LCCTR Camera X | I37: =IF(OR(LEFT(O37,3)="SGL",LEFT(O37,5)="SGMCS"),"LINEAR","Rotary") -> LINEAR | J37: =IF(OR(RIGHT($H37,1)="Z",LEFT(RIGHT($H37,2),1)="Z",LEFT(RIGHT($H37,3),1)="Z"),"Z",IF(OR(RIGHT($H37,1)="X",LEFT(RIGHT($H37,2),1)="X",LEFT(RIGHT($H37,3),1)="X"),"X",IF(OR(RIGHT($H37,1)="Y",LEFT(RIGHT($H37,2),1)="Y",LEFT(RIGHT($H37,3),1)="Y"),"Y","T"))) -> X | K37: =VLOOKUP($D37,[4]회선정보!B:F,3,FALSE) -> 0 | L37: =VLOOKUP($D37,[4]회선정보!B:F,4,FALSE) -> 4 | M37: =VLOOKUP($D37,[4]회선정보!B:F,5,FALSE) -> MP7-1 | O37: SGLGW-60A140C | P37: =IFERROR(IF($I37="Rotary",LEFT($O37,9),$O37),"") -> SGLGW-60A140C | Q37: =IF(MID($N36,5,1)<>"W",VLOOKUP(N37,[4]정격용량!$B$3:$K$633,4,FALSE),"X") -> X | R37: =IF(MID(N36,5,1)<>"W",VLOOKUP(N37,[4]정격용량!$B$3:$K$633,3,FALSE),"X") -> X | S37: =IF(MID(N36,5,1)<>"W",VLOOKUP(N37,[4]정격용량!$B$3:$K$633,6,FALSE),"X") -> X | T37: =IF(MID($N36,5,1)<>"W",S37*#REF!,"X") -> X | U37: =IF(MID($N36,5,1)<>"W",VLOOKUP(N37,[4]정격용량!$B$3:$K$633,9,FALSE),"X") -> X | V37: =IFERROR(IF(J37="Z",VLOOKUP(P37,'[4]SERVO CABLE'!G:AD,8,FALSE),VLOOKUP(P37,'[4]SERVO CABLE'!G:AD,4,FALSE)),"") -> JZSP-CLN11-□ | W37: =IFERROR(VLOOKUP(P37,'[4]SERVO CABLE'!G:AD,17,FALSE),"") -> JZSP-CLP70-□-ER | Z37: =IF($Y37=1,$R$9,"") | AA37: =IF($Y37=2,$R$9,"") | AB37: =IF($Y37=3,$R$9,"") | AC37: =IF(MID($N36,5,1)<>"W",((700*700)/$Q37*1.509)/1000,"X") -> X | AD37: =IF($AC37="X","X",IF($AC37<0.1,"X",IF($AC37<0.27,"IRV60",IF($AC37<0.91,"IRV80",IF($AC37<1.1,"IRV100",IF($AC37<1.3,"IRV120",IF($AC37<1.6,"IRV150",IF($AC37<2.2,"IRV200",IF($AC37<2.7,"IRV300",IF($AC37<4.3,"IRV400",IF($AC37<6.8,"IRV500","X"))))))))))) -> X
A38: SC | D38: DR3705 | G38: LCCTR Cutter Z | H38: =E38&F38&" "&G38 -> LCCTR Cutter Z | I38: =IF(OR(LEFT(O38,3)="SGL",LEFT(O38,5)="SGMCS"),"LINEAR","Rotary") -> Rotary | J38: =IF(OR(RIGHT($H38,1)="Z",LEFT(RIGHT($H38,2),1)="Z",LEFT(RIGHT($H38,3),1)="Z"),"Z",IF(OR(RIGHT($H38,1)="X",LEFT(RIGHT($H38,2),1)="X",LEFT(RIGHT($H38,3),1)="X"),"X",IF(OR(RIGHT($H38,1)="Y",LEFT(RIGHT($H38,2),1)="Y",LEFT(RIGHT($H38,3),1)="Y"),"Y","T"))) -> Z | K38: =VLOOKUP($D38,[4]회선정보!B:F,3,FALSE) -> 0 | L38: =VLOOKUP($D38,[4]회선정보!B:F,4,FALSE) -> 5 | M38: =VLOOKUP($D38,[4]회선정보!B:F,5,FALSE) -> MP7-1 | N38: SGD7S-R70A20A | O38: SGM7A-A5A7A21 | P38: =IFERROR(IF($I38="Rotary",LEFT($O38,9),$O38),"") -> SGM7A-A5A | Q38: =IF(MID($N37,5,1)<>"W",VLOOKUP(N38,[4]정격용량!$B$3:$K$633,4,FALSE),"X") -> 50 | R38: =IF(MID(N37,5,1)<>"W",VLOOKUP(N38,[4]정격용량!$B$3:$K$633,3,FALSE),"X") -> 0.2 | S38: =IF(MID(N37,5,1)<>"W",VLOOKUP(N38,[4]정격용량!$B$3:$K$633,6,FALSE),"X") -> 0.4 | T38: =IF(MID($N37,5,1)<>"W",S38*#REF!,"X") -> #REF! | U38: =IF(MID($N37,5,1)<>"W",VLOOKUP(N38,[4]정격용량!$B$3:$K$633,9,FALSE),"X") -> 1 | V38: =IFERROR(IF(J38="Z",VLOOKUP(P38,'[4]SERVO CABLE'!G:AD,8,FALSE),VLOOKUP(P38,'[4]SERVO CABLE'!G:AD,4,FALSE)),"") -> JZSP-C7M14F-□-E | W38: =IFERROR(VLOOKUP(P38,'[4]SERVO CABLE'!G:AD,17,FALSE),"") -> JZSP-C7PA2D-□-E | Y38: 3 | Z38: =IF($Y38=1,$R$9,"") | AA38: =IF($Y38=2,$R$9,"") | AB38: =IF($Y38=3,$R$9,"") -> 0.2 | AC38: =IF(MID($N37,5,1)<>"W",((700*700)/$Q38*1.509)/1000,"X") -> 14.7882 | AD38: =IF($AC38="X","X",IF($AC38<0.1,"X",IF($AC38<0.27,"IRV60",IF($AC38<0.91,"IRV80",IF($AC38<1.1,"IRV100",IF($AC38<1.3,"IRV120",IF($AC38<1.6,"IRV150",IF($AC38<2.2,"IRV200",IF($AC38<2.7,"IRV300",IF($AC38<4.3,"IRV400",IF($AC38<6.8,"IRV500","X"))))))))))) -> X
A39: SC | D39: DR3706 | G39: LCCTR Cutter Shift | H39: =E39&F39&" "&G39 -> LCCTR Cutter Shift | I39: =IF(OR(LEFT(O39,3)="SGL",LEFT(O39,5)="SGMCS"),"LINEAR","Rotary") -> Rotary | J39: =IF(OR(RIGHT($H39,1)="Z",LEFT(RIGHT($H39,2),1)="Z",LEFT(RIGHT($H39,3),1)="Z"),"Z",IF(OR(RIGHT($H39,1)="X",LEFT(RIGHT($H39,2),1)="X",LEFT(RIGHT($H39,3),1)="X"),"X",IF(OR(RIGHT($H39,1)="Y",LEFT(RIGHT($H39,2),1)="Y",LEFT(RIGHT($H39,3),1)="Y"),"Y","T"))) -> T | K39: =VLOOKUP($D39,[4]회선정보!B:F,3,FALSE) -> 0 | L39: =VLOOKUP($D39,[4]회선정보!B:F,4,FALSE) -> 6 | M39: =VLOOKUP($D39,[4]회선정보!B:F,5,FALSE) -> MP7-1 | N39: SGD7S-R70A20A | O39: SGM7A-A5A7A21 | P39: =IFERROR(IF($I39="Rotary",LEFT($O39,9),$O39),"") -> SGM7A-A5A | Q39: =IF(MID($N38,5,1)<>"W",VLOOKUP(N39,[4]정격용량!$B$3:$K$633,4,FALSE),"X") -> 50 | R39: =IF(MID(N38,5,1)<>"W",VLOOKUP(N39,[4]정격용량!$B$3:$K$633,3,FALSE),"X") -> 0.2 | S39: =IF(MID(N38,5,1)<>"W",VLOOKUP(N39,[4]정격용량!$B$3:$K$633,6,FALSE),"X") -> 0.4 | T39: =IF(MID($N38,5,1)<>"W",S39*#REF!,"X") -> #REF! | U39: =IF(MID($N38,5,1)<>"W",VLOOKUP(N39,[4]정격용량!$B$3:$K$633,9,FALSE),"X") -> 1 | V39: =IFERROR(IF(J39="Z",VLOOKUP(P39,'[4]SERVO CABLE'!G:AD,8,FALSE),VLOOKUP(P39,'[4]SERVO CABLE'!G:AD,4,FALSE)),"") -> JZSP-C7M12F-□-E | W39: =IFERROR(VLOOKUP(P39,'[4]SERVO CABLE'!G:AD,17,FALSE),"") -> JZSP-C7PA2D-□-E | Y39: 1 | Z39: =IF($Y39=1,$R$9,"") -> 0.2 | AA39: =IF($Y39=2,$R$9,"") | AB39: =IF($Y39=3,$R$9,"") | AC39: =IF(MID($N38,5,1)<>"W",((700*700)/$Q39*1.509)/1000,"X") -> 14.7882 | AD39: =IF($AC39="X","X",IF($AC39<0.1,"X",IF($AC39<0.27,"IRV60",IF($AC39<0.91,"IRV80",IF($AC39<1.1,"IRV100",IF($AC39<1.3,"IRV120",IF($AC39<1.6,"IRV150",IF($AC39<2.2,"IRV200",IF($AC39<2.7,"IRV300",IF($AC39<4.3,"IRV400",IF($AC39<6.8,"IRV500","X"))))))))))) -> X
A40: SC | D40: DR3708 | G40: LCCTR Left Camera Y1 | H40: =E40&F40&" "&G40 -> LCCTR Left Camera Y1 | I40: =IF(OR(LEFT(O40,3)="SGL",LEFT(O40,5)="SGMCS"),"LINEAR","Rotary") -> Rotary | J40: =IF(OR(RIGHT($H40,1)="Z",LEFT(RIGHT($H40,2),1)="Z",LEFT(RIGHT($H40,3),1)="Z"),"Z",IF(OR(RIGHT($H40,1)="X",LEFT(RIGHT($H40,2),1)="X",LEFT(RIGHT($H40,3),1)="X"),"X",IF(OR(RIGHT($H40,1)="Y",LEFT(RIGHT($H40,2),1)="Y",LEFT(RIGHT($H40,3),1)="Y"),"Y","T"))) -> Y | K40: =VLOOKUP($D40,[4]회선정보!B:F,3,FALSE) -> 0 | L40: =VLOOKUP($D40,[4]회선정보!B:F,4,FALSE) -> 8 | M40: =VLOOKUP($D40,[4]회선정보!B:F,5,FALSE) -> MP7-1 | N40: SGD7W-1R6A20A | O40: SGM7M-A3A3A21 | P40: =IFERROR(IF($I40="Rotary",LEFT($O40,9),$O40),"") -> SGM7M-A3A | Q40: =IF(MID($N39,5,1)<>"W",VLOOKUP(N40,[4]정격용량!$B$3:$K$633,4,FALSE),"X") -> 400 | R40: =IF(MID(N39,5,1)<>"W",VLOOKUP(N40,[4]정격용량!$B$3:$K$633,3,FALSE),"X") -> 0.3 | S40: =IF(MID(N39,5,1)<>"W",VLOOKUP(N40,[4]정격용량!$B$3:$K$633,6,FALSE),"X") -> 2.5 | T40: =IF(MID($N39,5,1)<>"W",S40*#REF!,"X") -> #REF! | U40: =IF(MID($N39,5,1)<>"W",VLOOKUP(N40,[4]정격용량!$B$3:$K$633,9,FALSE),"X") -> 3 | V40: =IFERROR(IF(J40="Z",VLOOKUP(P40,'[4]SERVO CABLE'!G:AD,8,FALSE),VLOOKUP(P40,'[4]SERVO CABLE'!G:AD,4,FALSE)),"") -> JZSP-CF2M20-□-E | W40: =IFERROR(VLOOKUP(P40,'[4]SERVO CABLE'!G:AD,17,FALSE),"") -> JZSP-C7MP29-□-E | Y40: 2 | Z40: =IF($Y40=1,$R$9,"") | AA40: =IF($Y40=2,$R$9,"") -> 0.2 | AB40: =IF($Y40=3,$R$9,"") | AC40: =IF(MID($N39,5,1)<>"W",((700*700)/$Q40*1.509)/1000,"X") -> 1.848525 | AD40: =IF($AC40="X","X",IF($AC40<0.1,"X",IF($AC40<0.27,"IRV60",IF($AC40<0.91,"IRV80",IF($AC40<1.1,"IRV100",IF($AC40<1.3,"IRV120",IF($AC40<1.6,"IRV150",IF($AC40<2.2,"IRV200",IF($AC40<2.7,"IRV300",IF($AC40<4.3,"IRV400",IF($AC40<6.8,"IRV500","X"))))))))))) -> IRV200
A41: SC | D41: DR3709 | G41: LCCTR Right Camera Y1 | H41: =E41&F41&" "&G41 -> LCCTR Right Camera Y1 | I41: =IF(OR(LEFT(O41,3)="SGL",LEFT(O41,5)="SGMCS"),"LINEAR","Rotary") -> Rotary | J41: =IF(OR(RIGHT($H41,1)="Z",LEFT(RIGHT($H41,2),1)="Z",LEFT(RIGHT($H41,3),1)="Z"),"Z",IF(OR(RIGHT($H41,1)="X",LEFT(RIGHT($H41,2),1)="X",LEFT(RIGHT($H41,3),1)="X"),"X",IF(OR(RIGHT($H41,1)="Y",LEFT(RIGHT($H41,2),1)="Y",LEFT(RIGHT($H41,3),1)="Y"),"Y","T"))) -> Y | K41: =VLOOKUP($D41,[4]회선정보!B:F,3,FALSE) -> 0 | L41: =VLOOKUP($D41,[4]회선정보!B:F,4,FALSE) -> 9 | M41: =VLOOKUP($D41,[4]회선정보!B:F,5,FALSE) -> MP7-1 | O41: SGM7M-A3A3A21 | P41: =IFERROR(IF($I41="Rotary",LEFT($O41,9),$O41),"") -> SGM7M-A3A | Q41: =IF(MID($N40,5,1)<>"W",VLOOKUP(N41,[4]정격용량!$B$3:$K$633,4,FALSE),"X") -> X | R41: =IF(MID(N40,5,1)<>"W",VLOOKUP(N41,[4]정격용량!$B$3:$K$633,3,FALSE),"X") -> X | S41: =IF(MID(N40,5,1)<>"W",VLOOKUP(N41,[4]정격용량!$B$3:$K$633,6,FALSE),"X") -> X | T41: =IF(MID($N40,5,1)<>"W",S41*#REF!,"X") -> X | U41: =IF(MID($N40,5,1)<>"W",VLOOKUP(N41,[4]정격용량!$B$3:$K$633,9,FALSE),"X") -> X | V41: =IFERROR(IF(J41="Z",VLOOKUP(P41,'[4]SERVO CABLE'!G:AD,8,FALSE),VLOOKUP(P41,'[4]SERVO CABLE'!G:AD,4,FALSE)),"") -> JZSP-CF2M20-□-E | W41: =IFERROR(VLOOKUP(P41,'[4]SERVO CABLE'!G:AD,17,FALSE),"") -> JZSP-C7MP29-□-E | Z41: =IF($Y41=1,$R$9,"") | AA41: =IF($Y41=2,$R$9,"") | AB41: =IF($Y41=3,$R$9,"") | AC41: =IF(MID($N40,5,1)<>"W",((700*700)/$Q41*1.509)/1000,"X") -> X | AD41: =IF($AC41="X","X",IF($AC41<0.1,"X",IF($AC41<0.27,"IRV60",IF($AC41<0.91,"IRV80",IF($AC41<1.1,"IRV100",IF($AC41<1.3,"IRV120",IF($AC41<1.6,"IRV150",IF($AC41<2.2,"IRV200",IF($AC41<2.7,"IRV300",IF($AC41<4.3,"IRV400",IF($AC41<6.8,"IRV500","X"))))))))))) -> X
A42: SC | D42: DR370A | G42: LCCTR Left Camera Z1 | H42: =E42&F42&" "&G42 -> LCCTR Left Camera Z1 | I42: =IF(OR(LEFT(O42,3)="SGL",LEFT(O42,5)="SGMCS"),"LINEAR","Rotary") -> Rotary | J42: =IF(OR(RIGHT($H42,1)="Z",LEFT(RIGHT($H42,2),1)="Z",LEFT(RIGHT($H42,3),1)="Z"),"Z",IF(OR(RIGHT($H42,1)="X",LEFT(RIGHT($H42,2),1)="X",LEFT(RIGHT($H42,3),1)="X"),"X",IF(OR(RIGHT($H42,1)="Y",LEFT(RIGHT($H42,2),1)="Y",LEFT(RIGHT($H42,3),1)="Y"),"Y","T"))) -> Z | K42: =VLOOKUP($D42,[4]회선정보!B:F,3,FALSE) -> 0 | L42: =VLOOKUP($D42,[4]회선정보!B:F,4,FALSE) -> A | M42: =VLOOKUP($D42,[4]회선정보!B:F,5,FALSE) -> MP7-1 | N42: SGD7W-1R6A20A | O42: SGM7M-A3A3A21 | P42: =IFERROR(IF($I42="Rotary",LEFT($O42,9),$O42),"") -> SGM7M-A3A | Q42: =IF(MID($N41,5,1)<>"W",VLOOKUP(N42,[4]정격용량!$B$3:$K$633,4,FALSE),"X") -> 400 | R42: =IF(MID(N41,5,1)<>"W",VLOOKUP(N42,[4]정격용량!$B$3:$K$633,3,FALSE),"X") -> 0.3 | S42: =IF(MID(N41,5,1)<>"W",VLOOKUP(N42,[4]정격용량!$B$3:$K$633,6,FALSE),"X") -> 2.5 | T42: =IF(MID($N41,5,1)<>"W",S42*#REF!,"X") -> #REF! | U42: =IF(MID($N41,5,1)<>"W",VLOOKUP(N42,[4]정격용량!$B$3:$K$633,9,FALSE),"X") -> 3 | V42: =IFERROR(IF(J42="Z",VLOOKUP(P42,'[4]SERVO CABLE'!G:AD,4,FALSE),VLOOKUP(P42,'[4]SERVO CABLE'!G:AD,4,FALSE)),"") -> JZSP-CF2M20-□-E | W42: =IFERROR(VLOOKUP(P42,'[4]SERVO CABLE'!G:AD,17,FALSE),"") -> JZSP-C7MP29-□-E | Y42: 1 | Z42: =IF($Y42=1,$R$9,"") -> 0.2 | AA42: =IF($Y42=2,$R$9,"") | AB42: =IF($Y42=3,$R$9,"") | AC42: =IF(MID($N41,5,1)<>"W",((700*700)/$Q42*1.509)/1000,"X") -> 1.848525 | AD42: =IF($AC42="X","X",IF($AC42<0.1,"X",IF($AC42<0.27,"IRV60",IF($AC42<0.91,"IRV80",IF($AC42<1.1,"IRV100",IF($AC42<1.3,"IRV120",IF($AC42<1.6,"IRV150",IF($AC42<2.2,"IRV200",IF($AC42<2.7,"IRV300",IF($AC42<4.3,"IRV400",IF($AC42<6.8,"IRV500","X"))))))))))) -> IRV200
A43: SC | D43: DR370B | G43: LCCTR Right Camera Z1 | H43: =E43&F43&" "&G43 -> LCCTR Right Camera Z1 | I43: =IF(OR(LEFT(O43,3)="SGL",LEFT(O43,5)="SGMCS"),"LINEAR","Rotary") -> Rotary | J43: =IF(OR(RIGHT($H43,1)="Z",LEFT(RIGHT($H43,2),1)="Z",LEFT(RIGHT($H43,3),1)="Z"),"Z",IF(OR(RIGHT($H43,1)="X",LEFT(RIGHT($H43,2),1)="X",LEFT(RIGHT($H43,3),1)="X"),"X",IF(OR(RIGHT($H43,1)="Y",LEFT(RIGHT($H43,2),1)="Y",LEFT(RIGHT($H43,3),1)="Y"),"Y","T"))) -> Z | K43: =VLOOKUP($D43,[4]회선정보!B:F,3,FALSE) -> 0 | L43: =VLOOKUP($D43,[4]회선정보!B:F,4,FALSE) -> B | M43: =VLOOKUP($D43,[4]회선정보!B:F,5,FALSE) -> MP7-1 | O43: SGM7M-A3A3A21 | P43: =IFERROR(IF($I43="Rotary",LEFT($O43,9),$O43),"") -> SGM7M-A3A | Q43: =IF(MID($N42,5,1)<>"W",VLOOKUP(N43,[4]정격용량!$B$3:$K$633,4,FALSE),"X") -> X | R43: =IF(MID(N42,5,1)<>"W",VLOOKUP(N43,[4]정격용량!$B$3:$K$633,3,FALSE),"X") -> X | S43: =IF(MID(N42,5,1)<>"W",VLOOKUP(N43,[4]정격용량!$B$3:$K$633,6,FALSE),"X") -> X | T43: =IF(MID($N42,5,1)<>"W",S43*#REF!,"X") -> X | U43: =IF(MID($N42,5,1)<>"W",VLOOKUP(N43,[4]정격용량!$B$3:$K$633,9,FALSE),"X") -> X | V43: =IFERROR(IF(J43="Z",VLOOKUP(P43,'[4]SERVO CABLE'!G:AD,4,FALSE),VLOOKUP(P43,'[4]SERVO CABLE'!G:AD,4,FALSE)),"") -> JZSP-CF2M20-□-E | W43: =IFERROR(VLOOKUP(P43,'[4]SERVO CABLE'!G:AD,17,FALSE),"") -> JZSP-C7MP29-□-E | Z43: =IF($Y43=1,$R$9,"") | AA43: =IF($Y43=2,$R$9,"") | AB43: =IF($Y43=3,$R$9,"") | AC43: =IF(MID($N42,5,1)<>"W",((700*700)/$Q43*1.509)/1000,"X") -> X | AD43: =IF($AC43="X","X",IF($AC43<0.1,"X",IF($AC43<0.27,"IRV60",IF($AC43<0.91,"IRV80",IF($AC43<1.1,"IRV100",IF($AC43<1.3,"IRV120",IF($AC43<1.6,"IRV150",IF($AC43<2.2,"IRV200",IF($AC43<2.7,"IRV300",IF($AC43<4.3,"IRV400",IF($AC43<6.8,"IRV500","X"))))))))))) -> X
A44: SC | D44: DR370D | G44: LCCTR Cutting Table Y1-1 | H44: =E44&F44&" "&G44 -> LCCTR Cutting Table Y1-1 | I44: =IF(OR(LEFT(O44,3)="SGL",LEFT(O44,5)="SGMCS"),"LINEAR","Rotary") -> LINEAR | J44: =IF(OR(RIGHT($H44,1)="Z",LEFT(RIGHT($H44,2),1)="Z",LEFT(RIGHT($H44,3),1)="Z"),"Z",IF(OR(RIGHT($H44,1)="X",LEFT(RIGHT($H44,2),1)="X",LEFT(RIGHT($H44,3),1)="X"),"X",IF(OR(RIGHT($H44,1)="Y",LEFT(RIGHT($H44,2),1)="Y",LEFT(RIGHT($H44,3),1)="Y"),"Y","T"))) -> T | K44: =VLOOKUP($D44,[4]회선정보!B:F,3,FALSE) -> 0 | L44: =VLOOKUP($D44,[4]회선정보!B:F,4,FALSE) -> D | M44: =VLOOKUP($D44,[4]회선정보!B:F,5,FALSE) -> MP7-1 | N44: SGD7W-5R5A20A | O44: SGLFW-35A230AP | P44: =IFERROR(IF($I44="Rotary",LEFT($O44,9),$O44),"") -> SGLFW-35A230AP | Q44: =IF(MID($N43,5,1)<>"W",VLOOKUP(N44,[4]정격용량!$B$3:$K$633,4,FALSE),"X") -> 1500 | R44: =IF(MID(N43,5,1)<>"W",VLOOKUP(N44,[4]정격용량!$B$3:$K$633,3,FALSE),"X") -> 0.3 | S44: =IF(MID(N43,5,1)<>"W",VLOOKUP(N44,[4]정격용량!$B$3:$K$633,6,FALSE),"X") -> 7.8 | T44: =IF(MID($N43,5,1)<>"W",S44*#REF!,"X") -> #REF! | U44: =IF(MID($N43,5,1)<>"W",VLOOKUP(N44,[4]정격용량!$B$3:$K$633,9,FALSE),"X") -> 10 | V44: =IFERROR(IF(J44="Z",VLOOKUP(P44,'[4]SERVO CABLE'!G:AD,8,FALSE),VLOOKUP(P44,'[4]SERVO CABLE'!G:AD,4,FALSE)),"") -> JZSP-CLN11-01-E | W44: =IFERROR(VLOOKUP(P44,'[4]SERVO CABLE'!G:AD,17,FALSE),"") -> JZSP-CLP70-□-ER | Y44: 2 | Z44: =IF($Y44=1,$R$9,"") | AA44: =IF($Y44=2,$R$9,"") -> 0.2 | AB44: =IF($Y44=3,$R$9,"") | AC44: =IF(MID($N43,5,1)<>"W",((700*700)/$Q44*1.509)/1000,"X") -> 0.49294 | AD44: =IF($AC44="X","X",IF($AC44<0.1,"X",IF($AC44<0.27,"IRV60",IF($AC44<0.91,"IRV80",IF($AC44<1.1,"IRV100",IF($AC44<1.3,"IRV120",IF($AC44<1.6,"IRV150",IF($AC44<2.2,"IRV200",IF($AC44<2.7,"IRV300",IF($AC44<4.3,"IRV400",IF($AC44<6.8,"IRV500","X"))))))))))) -> IRV80
A45: SC | D45: DR370E | G45: LCCTR Cutting Table Y1-2 | H45: =E45&F45&" "&G45 -> LCCTR Cutting Table Y1-2 | I45: =IF(OR(LEFT(O45,3)="SGL",LEFT(O45,5)="SGMCS"),"LINEAR","Rotary") -> LINEAR | J45: =IF(OR(RIGHT($H45,1)="Z",LEFT(RIGHT($H45,2),1)="Z",LEFT(RIGHT($H45,3),1)="Z"),"Z",IF(OR(RIGHT($H45,1)="X",LEFT(RIGHT($H45,2),1)="X",LEFT(RIGHT($H45,3),1)="X"),"X",IF(OR(RIGHT($H45,1)="Y",LEFT(RIGHT($H45,2),1)="Y",LEFT(RIGHT($H45,3),1)="Y"),"Y","T"))) -> T | K45: =VLOOKUP($D45,[4]회선정보!B:F,3,FALSE) -> 0 | L45: =VLOOKUP($D45,[4]회선정보!B:F,4,FALSE) -> E | M45: =VLOOKUP($D45,[4]회선정보!B:F,5,FALSE) -> MP7-1 | O45: SGLFW-35A230AP | P45: =IFERROR(IF($I45="Rotary",LEFT($O45,9),$O45),"") -> SGLFW-35A230AP | Q45: =IF(MID($N44,5,1)<>"W",VLOOKUP(N45,[4]정격용량!$B$3:$K$633,4,FALSE),"X") -> X | R45: =IF(MID(N44,5,1)<>"W",VLOOKUP(N45,[4]정격용량!$B$3:$K$633,3,FALSE),"X") -> X | S45: =IF(MID(N44,5,1)<>"W",VLOOKUP(N45,[4]정격용량!$B$3:$K$633,6,FALSE),"X") -> X | T45: =IF(MID($N44,5,1)<>"W",S45*#REF!,"X") -> X | U45: =IF(MID($N44,5,1)<>"W",VLOOKUP(N45,[4]정격용량!$B$3:$K$633,9,FALSE),"X") -> X | V45: =IFERROR(IF(J45="Z",VLOOKUP(P45,'[4]SERVO CABLE'!G:AD,8,FALSE),VLOOKUP(P45,'[4]SERVO CABLE'!G:AD,4,FALSE)),"") -> JZSP-CLN11-01-E | W45: =IFERROR(VLOOKUP(P45,'[4]SERVO CABLE'!G:AD,17,FALSE),"") -> JZSP-CLP70-□-ER | Z45: =IF($Y45=1,$R$9,"") | AA45: =IF($Y45=2,$R$9,"") | AB45: =IF($Y45=3,$R$9,"") | AC45: =IF(MID($N44,5,1)<>"W",((700*700)/$Q45*1.509)/1000,"X") -> X | AD45: =IF($AC45="X","X",IF($AC45<0.1,"X",IF($AC45<0.27,"IRV60",IF($AC45<0.91,"IRV80",IF($AC45<1.1,"IRV100",IF($AC45<1.3,"IRV120",IF($AC45<1.6,"IRV150",IF($AC45<2.2,"IRV200",IF($AC45<2.7,"IRV300",IF($AC45<4.3,"IRV400",IF($AC45<6.8,"IRV500","X"))))))))))) -> X
A46: SC | D46: DR3803 | G46: LCCTR Scribe Chuck Left X | H46: =E46&F46&" "&G46 -> LCCTR Scribe Chuck Left X | I46: =IF(OR(LEFT(O46,3)="SGL",LEFT(O46,5)="SGMCS"),"LINEAR","Rotary") -> Rotary | J46: =IF(OR(RIGHT($H46,1)="Z",LEFT(RIGHT($H46,2),1)="Z",LEFT(RIGHT($H46,3),1)="Z"),"Z",IF(OR(RIGHT($H46,1)="X",LEFT(RIGHT($H46,2),1)="X",LEFT(RIGHT($H46,3),1)="X"),"X",IF(OR(RIGHT($H46,1)="Y",LEFT(RIGHT($H46,2),1)="Y",LEFT(RIGHT($H46,3),1)="Y"),"Y","T"))) -> X | K46: =VLOOKUP($D46,[4]회선정보!B:F,3,FALSE) -> 0 | L46: =VLOOKUP($D46,[4]회선정보!B:F,4,FALSE) -> 3 | M46: =VLOOKUP($D46,[4]회선정보!B:F,5,FALSE) -> MP8-1 | N46: SGD7W-1R6A20A | O46: SGM7J-01A7A21 | P46: =IFERROR(IF($I46="Rotary",LEFT($O46,9),$O46),"") -> SGM7J-01A | Q46: =IF(MID($N45,5,1)<>"W",VLOOKUP(N46,[4]정격용량!$B$3:$K$633,4,FALSE),"X") -> 400 | R46: =IF(MID(N45,5,1)<>"W",VLOOKUP(N46,[4]정격용량!$B$3:$K$633,3,FALSE),"X") -> 0.3 | S46: =IF(MID(N45,5,1)<>"W",VLOOKUP(N46,[4]정격용량!$B$3:$K$633,6,FALSE),"X") -> 2.5 | T46: =IF(MID($N45,5,1)<>"W",S46*#REF!,"X") -> #REF! | U46: =IF(MID($N45,5,1)<>"W",VLOOKUP(N46,[4]정격용량!$B$3:$K$633,9,FALSE),"X") -> 3 | V46: =IFERROR(IF(J46="Z",VLOOKUP(P46,'[4]SERVO CABLE'!G:AD,8,FALSE),VLOOKUP(P46,'[4]SERVO CABLE'!G:AD,4,FALSE)),"") -> JZSP-C7M12F-□-E | W46: =IFERROR(VLOOKUP(P46,'[4]SERVO CABLE'!G:AD,17,FALSE),"") -> JZSP-C7PA2D-□-E | Y46: 3 | Z46: =IF($Y46=1,$R$9,"") | AA46: =IF($Y46=2,$R$9,"") | AB46: =IF($Y46=3,$R$9,"") -> 0.2 | AC46: =IF(MID($N45,5,1)<>"W",((700*700)/$Q46*1.509)/1000,"X") -> 1.848525 | AD46: =IF($AC46="X","X",IF($AC46<0.1,"X",IF($AC46<0.27,"IRV60",IF($AC46<0.91,"IRV80",IF($AC46<1.1,"IRV100",IF($AC46<1.3,"IRV120",IF($AC46<1.6,"IRV150",IF($AC46<2.2,"IRV200",IF($AC46<2.7,"IRV300",IF($AC46<4.3,"IRV400",IF($AC46<6.8,"IRV500","X"))))))))))) -> IRV200
A47: SC | D47: DR3804 | G47: LCCTR Scribe Chuck Right X | H47: =E47&F47&" "&G47 -> LCCTR Scribe Chuck Right X | I47: =IF(OR(LEFT(O47,3)="SGL",LEFT(O47,5)="SGMCS"),"LINEAR","Rotary") -> Rotary | J47: =IF(OR(RIGHT($H47,1)="Z",LEFT(RIGHT($H47,2),1)="Z",LEFT(RIGHT($H47,3),1)="Z"),"Z",IF(OR(RIGHT($H47,1)="X",LEFT(RIGHT($H47,2),1)="X",LEFT(RIGHT($H47,3),1)="X"),"X",IF(OR(RIGHT($H47,1)="Y",LEFT(RIGHT($H47,2),1)="Y",LEFT(RIGHT($H47,3),1)="Y"),"Y","T"))) -> X | K47: =VLOOKUP($D47,[4]회선정보!B:F,3,FALSE) -> 0 | L47: =VLOOKUP($D47,[4]회선정보!B:F,4,FALSE) -> 4 | M47: =VLOOKUP($D47,[4]회선정보!B:F,5,FALSE) -> MP8-1 | O47: SGM7J-01A7A21 | P47: =IFERROR(IF($I47="Rotary",LEFT($O47,9),$O47),"") -> SGM7J-01A | Q47: =IF(MID($N46,5,1)<>"W",VLOOKUP(N47,[4]정격용량!$B$3:$K$633,4,FALSE),"X") -> X | R47: =IF(MID(N46,5,1)<>"W",VLOOKUP(N47,[4]정격용량!$B$3:$K$633,3,FALSE),"X") -> X | S47: =IF(MID(N46,5,1)<>"W",VLOOKUP(N47,[4]정격용량!$B$3:$K$633,6,FALSE),"X") -> X | T47: =IF(MID($N46,5,1)<>"W",S47*#REF!,"X") -> X | U47: =IF(MID($N46,5,1)<>"W",VLOOKUP(N47,[4]정격용량!$B$3:$K$633,9,FALSE),"X") -> X | V47: =IFERROR(IF(J47="Z",VLOOKUP(P47,'[4]SERVO CABLE'!G:AD,8,FALSE),VLOOKUP(P47,'[4]SERVO CABLE'!G:AD,4,FALSE)),"") -> JZSP-C7M12F-□-E | W47: =IFERROR(VLOOKUP(P47,'[4]SERVO CABLE'!G:AD,17,FALSE),"") -> JZSP-C7PA2D-□-E | Z47: =IF($Y47=1,$R$9,"") | AA47: =IF($Y47=2,$R$9,"") | AB47: =IF($Y47=3,$R$9,"") | AC47: =IF(MID($N46,5,1)<>"W",((700*700)/$Q47*1.509)/1000,"X") -> X | AD47: =IF($AC47="X","X",IF($AC47<0.1,"X",IF($AC47<0.27,"IRV60",IF($AC47<0.91,"IRV80",IF($AC47<1.1,"IRV100",IF($AC47<1.3,"IRV120",IF($AC47<1.6,"IRV150",IF($AC47<2.2,"IRV200",IF($AC47<2.7,"IRV300",IF($AC47<4.3,"IRV400",IF($AC47<6.8,"IRV500","X"))))))))))) -> X
A48: SC | D48: DR3805 | G48: LCCTR Scribe Chuck Y-1 | H48: =E48&F48&" "&G48 -> LCCTR Scribe Chuck Y-1 | I48: =IF(OR(LEFT(O48,3)="SGL",LEFT(O48,5)="SGMCS"),"LINEAR","Rotary") -> LINEAR | J48: =IF(OR(RIGHT($H48,1)="Z",LEFT(RIGHT($H48,2),1)="Z",LEFT(RIGHT($H48,3),1)="Z"),"Z",IF(OR(RIGHT($H48,1)="X",LEFT(RIGHT($H48,2),1)="X",LEFT(RIGHT($H48,3),1)="X"),"X",IF(OR(RIGHT($H48,1)="Y",LEFT(RIGHT($H48,2),1)="Y",LEFT(RIGHT($H48,3),1)="Y"),"Y","T"))) -> Y | K48: =VLOOKUP($D48,[4]회선정보!B:F,3,FALSE) -> 0 | L48: =VLOOKUP($D48,[4]회선정보!B:F,4,FALSE) -> 5 | M48: =VLOOKUP($D48,[4]회선정보!B:F,5,FALSE) -> MP8-1 | N48: SGD7W-5R5A20A | O48: SGLFW-35A230AP | P48: =IFERROR(IF($I48="Rotary",LEFT($O48,9),$O48),"") -> SGLFW-35A230AP | Q48: =IF(MID($N47,5,1)<>"W",VLOOKUP(N48,[4]정격용량!$B$3:$K$633,4,FALSE),"X") -> 1500 | R48: =IF(MID(N47,5,1)<>"W",VLOOKUP(N48,[4]정격용량!$B$3:$K$633,3,FALSE),"X") -> 0.3 | S48: =IF(MID(N47,5,1)<>"W",VLOOKUP(N48,[4]정격용량!$B$3:$K$633,6,FALSE),"X") -> 7.8 | T48: =IF(MID($N47,5,1)<>"W",S48*#REF!,"X") -> #REF! | U48: =IF(MID($N47,5,1)<>"W",VLOOKUP(N48,[4]정격용량!$B$3:$K$633,9,FALSE),"X") -> 10 | V48: =IFERROR(IF(J48="Z",VLOOKUP(P48,'[4]SERVO CABLE'!G:AD,8,FALSE),VLOOKUP(P48,'[4]SERVO CABLE'!G:AD,4,FALSE)),"") -> JZSP-CLN11-01-E | W48: =IFERROR(VLOOKUP(P48,'[4]SERVO CABLE'!G:AD,17,FALSE),"") -> JZSP-CLP70-□-ER | Y48: 1 | Z48: =IF($Y48=1,$R$9,"") -> 0.2 | AA48: =IF($Y48=2,$R$9,"") | AB48: =IF($Y48=3,$R$9,"") | AC48: =IF(MID($N47,5,1)<>"W",((700*700)/$Q48*1.509)/1000,"X") -> 0.49294 | AD48: =IF($AC48="X","X",IF($AC48<0.1,"X",IF($AC48<0.27,"IRV60",IF($AC48<0.91,"IRV80",IF($AC48<1.1,"IRV100",IF($AC48<1.3,"IRV120",IF($AC48<1.6,"IRV150",IF($AC48<2.2,"IRV200",IF($AC48<2.7,"IRV300",IF($AC48<4.3,"IRV400",IF($AC48<6.8,"IRV500","X"))))))))))) -> IRV80
A49: SC | D49: DR3806 | G49: LCCTR Scribe Chuck Y-2 | H49: =E49&F49&" "&G49 -> LCCTR Scribe Chuck Y-2 | I49: =IF(OR(LEFT(O49,3)="SGL",LEFT(O49,5)="SGMCS"),"LINEAR","Rotary") -> LINEAR | J49: =IF(OR(RIGHT($H49,1)="Z",LEFT(RIGHT($H49,2),1)="Z",LEFT(RIGHT($H49,3),1)="Z"),"Z",IF(OR(RIGHT($H49,1)="X",LEFT(RIGHT($H49,2),1)="X",LEFT(RIGHT($H49,3),1)="X"),"X",IF(OR(RIGHT($H49,1)="Y",LEFT(RIGHT($H49,2),1)="Y",LEFT(RIGHT($H49,3),1)="Y"),"Y","T"))) -> Y | K49: =VLOOKUP($D49,[4]회선정보!B:F,3,FALSE) -> 0 | L49: =VLOOKUP($D49,[4]회선정보!B:F,4,FALSE) -> 6 | M49: =VLOOKUP($D49,[4]회선정보!B:F,5,FALSE) -> MP8-1 | O49: SGLFW-35A230AP | P49: =IFERROR(IF($I49="Rotary",LEFT($O49,9),$O49),"") -> SGLFW-35A230AP | Q49: =IF(MID($N48,5,1)<>"W",VLOOKUP(N49,[4]정격용량!$B$3:$K$633,4,FALSE),"X") -> X | R49: =IF(MID(N48,5,1)<>"W",VLOOKUP(N49,[4]정격용량!$B$3:$K$633,3,FALSE),"X") -> X | S49: =IF(MID(N48,5,1)<>"W",VLOOKUP(N49,[4]정격용량!$B$3:$K$633,6,FALSE),"X") -> X | T49: =IF(MID($N48,5,1)<>"W",S49*#REF!,"X") -> X | U49: =IF(MID($N48,5,1)<>"W",VLOOKUP(N49,[4]정격용량!$B$3:$K$633,9,FALSE),"X") -> X | V49: =IFERROR(IF(J49="Z",VLOOKUP(P49,'[4]SERVO CABLE'!G:AD,8,FALSE),VLOOKUP(P49,'[4]SERVO CABLE'!G:AD,4,FALSE)),"") -> JZSP-CLN11-01-E | W49: =IFERROR(VLOOKUP(P49,'[4]SERVO CABLE'!G:AD,17,FALSE),"") -> JZSP-CLP70-□-ER | Z49: =IF($Y49=1,$R$9,"") | AA49: =IF($Y49=2,$R$9,"") | AB49: =IF($Y49=3,$R$9,"") | AC49: =IF(MID($N48,5,1)<>"W",((700*700)/$Q49*1.509)/1000,"X") -> X | AD49: =IF($AC49="X","X",IF($AC49<0.1,"X",IF($AC49<0.27,"IRV60",IF($AC49<0.91,"IRV80",IF($AC49<1.1,"IRV100",IF($AC49<1.3,"IRV120",IF($AC49<1.6,"IRV150",IF($AC49<2.2,"IRV200",IF($AC49<2.7,"IRV300",IF($AC49<4.3,"IRV400",IF($AC49<6.8,"IRV500","X"))))))))))) -> X
A50: SC | D50: DR3807 | G50: LCCTR Scribe Chuck Z1 | H50: =E50&F50&" "&G50 -> LCCTR Scribe Chuck Z1 | I50: =IF(OR(LEFT(O50,3)="SGL",LEFT(O50,5)="SGMCS"),"LINEAR","Rotary") -> Rotary | J50: =IF(OR(RIGHT($H50,1)="Z",LEFT(RIGHT($H50,2),1)="Z",LEFT(RIGHT($H50,3),1)="Z"),"Z",IF(OR(RIGHT($H50,1)="X",LEFT(RIGHT($H50,2),1)="X",LEFT(RIGHT($H50,3),1)="X"),"X",IF(OR(RIGHT($H50,1)="Y",LEFT(RIGHT($H50,2),1)="Y",LEFT(RIGHT($H50,3),1)="Y"),"Y","T"))) -> Z | K50: =VLOOKUP($D50,[4]회선정보!B:F,3,FALSE) -> 0 | L50: =VLOOKUP($D50,[4]회선정보!B:F,4,FALSE) -> 7 | M50: =VLOOKUP($D50,[4]회선정보!B:F,5,FALSE) -> MP8-1 | N50: SGD7S-1R6A20A | O50: SGM7J-A5A7A21 | P50: =IFERROR(IF($I50="Rotary",LEFT($O50,9),$O50),"") -> SGM7J-A5A | Q50: =IF(MID($N49,5,1)<>"W",VLOOKUP(N50,[4]정격용량!$B$3:$K$633,4,FALSE),"X") -> 200 | R50: =IF(MID(N49,5,1)<>"W",VLOOKUP(N50,[4]정격용량!$B$3:$K$633,3,FALSE),"X") -> 0.2 | S50: =IF(MID(N49,5,1)<>"W",VLOOKUP(N50,[4]정격용량!$B$3:$K$633,6,FALSE),"X") -> 1.3 | T50: =IF(MID($N49,5,1)<>"W",S50*#REF!,"X") -> #REF! | U50: =IF(MID($N49,5,1)<>"W",VLOOKUP(N50,[4]정격용량!$B$3:$K$633,9,FALSE),"X") -> 2 | V50: =IFERROR(IF(J50="Z",VLOOKUP(P50,'[4]SERVO CABLE'!G:AD,8,FALSE),VLOOKUP(P50,'[4]SERVO CABLE'!G:AD,4,FALSE)),"") -> JZSP-C7M14F-□-E | W50: =IFERROR(VLOOKUP(P50,'[4]SERVO CABLE'!G:AD,17,FALSE),"") -> JZSP-C7PA2D-□-E | Y50: 2 | Z50: =IF($Y50=1,$R$9,"") | AA50: =IF($Y50=2,$R$9,"") -> 0.2 | AB50: =IF($Y50=3,$R$9,"") | AC50: =IF(MID($N49,5,1)<>"W",((700*700)/$Q50*1.509)/1000,"X") -> 3.69705 | AD50: =IF($AC50="X","X",IF($AC50<0.1,"X",IF($AC50<0.27,"IRV60",IF($AC50<0.91,"IRV80",IF($AC50<1.1,"IRV100",IF($AC50<1.3,"IRV120",IF($AC50<1.6,"IRV150",IF($AC50<2.2,"IRV200",IF($AC50<2.7,"IRV300",IF($AC50<4.3,"IRV400",IF($AC50<6.8,"IRV500","X"))))))))))) -> IRV400
A51: SC | D51: DR3808 | G51: LCCTR Scribe Chuck Z2 | H51: =E51&F51&" "&G51 -> LCCTR Scribe Chuck Z2 | I51: =IF(OR(LEFT(O51,3)="SGL",LEFT(O51,5)="SGMCS"),"LINEAR","Rotary") -> Rotary | J51: =IF(OR(RIGHT($H51,1)="Z",LEFT(RIGHT($H51,2),1)="Z",LEFT(RIGHT($H51,3),1)="Z"),"Z",IF(OR(RIGHT($H51,1)="X",LEFT(RIGHT($H51,2),1)="X",LEFT(RIGHT($H51,3),1)="X"),"X",IF(OR(RIGHT($H51,1)="Y",LEFT(RIGHT($H51,2),1)="Y",LEFT(RIGHT($H51,3),1)="Y"),"Y","T"))) -> Z | K51: =VLOOKUP($D51,[4]회선정보!B:F,3,FALSE) -> 0 | L51: =VLOOKUP($D51,[4]회선정보!B:F,4,FALSE) -> 8 | M51: =VLOOKUP($D51,[4]회선정보!B:F,5,FALSE) -> MP8-1 | N51: SGD7S-1R6A20A | O51: SGM7J-A5A7A21 | P51: =IFERROR(IF($I51="Rotary",LEFT($O51,9),$O51),"") -> SGM7J-A5A | Q51: =IF(MID($N50,5,1)<>"W",VLOOKUP(N51,[4]정격용량!$B$3:$K$633,4,FALSE),"X") -> 200 | R51: =IF(MID(N50,5,1)<>"W",VLOOKUP(N51,[4]정격용량!$B$3:$K$633,3,FALSE),"X") -> 0.2 | S51: =IF(MID(N50,5,1)<>"W",VLOOKUP(N51,[4]정격용량!$B$3:$K$633,6,FALSE),"X") -> 1.3 | T51: =IF(MID($N50,5,1)<>"W",S51*#REF!,"X") -> #REF! | U51: =IF(MID($N50,5,1)<>"W",VLOOKUP(N51,[4]정격용량!$B$3:$K$633,9,FALSE),"X") -> 2 | V51: =IFERROR(IF(J51="Z",VLOOKUP(P51,'[4]SERVO CABLE'!G:AD,8,FALSE),VLOOKUP(P51,'[4]SERVO CABLE'!G:AD,4,FALSE)),"") -> JZSP-C7M14F-□-E | W51: =IFERROR(VLOOKUP(P51,'[4]SERVO CABLE'!G:AD,17,FALSE),"") -> JZSP-C7PA2D-□-E | Y51: 3 | Z51: =IF($Y51=1,$R$9,"") | AA51: =IF($Y51=2,$R$9,"") | AB51: =IF($Y51=3,$R$9,"") -> 0.2 | AC51: =IF(MID($N50,5,1)<>"W",((700*700)/$Q51*1.509)/1000,"X") -> 3.69705 | AD51: =IF($AC51="X","X",IF($AC51<0.1,"X",IF($AC51<0.27,"IRV60",IF($AC51<0.91,"IRV80",IF($AC51<1.1,"IRV100",IF($AC51<1.3,"IRV120",IF($AC51<1.6,"IRV150",IF($AC51<2.2,"IRV200",IF($AC51<2.7,"IRV300",IF($AC51<4.3,"IRV400",IF($AC51<6.8,"IRV500","X"))))))))))) -> IRV400
A52: SC | D52: DR3809 | G52: LCCTR Scribe Chuck Z3 | H52: =E52&F52&" "&G52 -> LCCTR Scribe Chuck Z3 | I52: =IF(OR(LEFT(O52,3)="SGL",LEFT(O52,5)="SGMCS"),"LINEAR","Rotary") -> Rotary | J52: =IF(OR(RIGHT($H52,1)="Z",LEFT(RIGHT($H52,2),1)="Z",LEFT(RIGHT($H52,3),1)="Z"),"Z",IF(OR(RIGHT($H52,1)="X",LEFT(RIGHT($H52,2),1)="X",LEFT(RIGHT($H52,3),1)="X"),"X",IF(OR(RIGHT($H52,1)="Y",LEFT(RIGHT($H52,2),1)="Y",LEFT(RIGHT($H52,3),1)="Y"),"Y","T"))) -> Z | K52: =VLOOKUP($D52,[4]회선정보!B:F,3,FALSE) -> 0 | L52: =VLOOKUP($D52,[4]회선정보!B:F,4,FALSE) -> 9 | M52: =VLOOKUP($D52,[4]회선정보!B:F,5,FALSE) -> MP8-1 | N52: SGD7S-1R6A20A | O52: SGM7J-A5A7A21 | P52: =IFERROR(IF($I52="Rotary",LEFT($O52,9),$O52),"") -> SGM7J-A5A | Q52: =IF(MID($N51,5,1)<>"W",VLOOKUP(N52,[4]정격용량!$B$3:$K$633,4,FALSE),"X") -> 200 | R52: =IF(MID(N51,5,1)<>"W",VLOOKUP(N52,[4]정격용량!$B$3:$K$633,3,FALSE),"X") -> 0.2 | S52: =IF(MID(N51,5,1)<>"W",VLOOKUP(N52,[4]정격용량!$B$3:$K$633,6,FALSE),"X") -> 1.3 | T52: =IF(MID($N51,5,1)<>"W",S52*#REF!,"X") -> #REF! | U52: =IF(MID($N51,5,1)<>"W",VLOOKUP(N52,[4]정격용량!$B$3:$K$633,9,FALSE),"X") -> 2 | V52: =IFERROR(IF(J52="Z",VLOOKUP(P52,'[4]SERVO CABLE'!G:AD,8,FALSE),VLOOKUP(P52,'[4]SERVO CABLE'!G:AD,4,FALSE)),"") -> JZSP-C7M14F-□-E | W52: =IFERROR(VLOOKUP(P52,'[4]SERVO CABLE'!G:AD,17,FALSE),"") -> JZSP-C7PA2D-□-E | Y52: 1 | Z52: =IF($Y52=1,$R$9,"") -> 0.2 | AA52: =IF($Y52=2,$R$9,"") | AB52: =IF($Y52=3,$R$9,"") | AC52: =IF(MID($N51,5,1)<>"W",((700*700)/$Q52*1.509)/1000,"X") -> 3.69705 | AD52: =IF($AC52="X","X",IF($AC52<0.1,"X",IF($AC52<0.27,"IRV60",IF($AC52<0.91,"IRV80",IF($AC52<1.1,"IRV100",IF($AC52<1.3,"IRV120",IF($AC52<1.6,"IRV150",IF($AC52<2.2,"IRV200",IF($AC52<2.7,"IRV300",IF($AC52<4.3,"IRV400",IF($AC52<6.8,"IRV500","X"))))))))))) -> IRV400
A53: SC | D53: DR380B | G53: LCCTR Push Bar Y-1 | H53: =E53&F53&" "&G53 -> LCCTR Push Bar Y-1 | I53: =IF(OR(LEFT(O53,3)="SGL",LEFT(O53,5)="SGMCS"),"LINEAR","Rotary") -> Rotary | J53: =IF(OR(RIGHT($H53,1)="Z",LEFT(RIGHT($H53,2),1)="Z",LEFT(RIGHT($H53,3),1)="Z"),"Z",IF(OR(RIGHT($H53,1)="X",LEFT(RIGHT($H53,2),1)="X",LEFT(RIGHT($H53,3),1)="X"),"X",IF(OR(RIGHT($H53,1)="Y",LEFT(RIGHT($H53,2),1)="Y",LEFT(RIGHT($H53,3),1)="Y"),"Y","T"))) -> Y | K53: =VLOOKUP($D53,[4]회선정보!B:F,3,FALSE) -> 0 | L53: =VLOOKUP($D53,[4]회선정보!B:F,4,FALSE) -> B | M53: =VLOOKUP($D53,[4]회선정보!B:F,5,FALSE) -> MP8-1 | N53: SGD7W-5R5A20A | O53: SGM7J-08A7A21 | P53: =IFERROR(IF($I53="Rotary",LEFT($O53,9),$O53),"") -> SGM7J-08A | Q53: =IF(MID($N52,5,1)<>"W",VLOOKUP(N53,[4]정격용량!$B$3:$K$633,4,FALSE),"X") -> 1500 | R53: =IF(MID(N52,5,1)<>"W",VLOOKUP(N53,[4]정격용량!$B$3:$K$633,3,FALSE),"X") -> 0.3 | S53: =IF(MID(N52,5,1)<>"W",VLOOKUP(N53,[4]정격용량!$B$3:$K$633,6,FALSE),"X") -> 7.8 | T53: =IF(MID($N52,5,1)<>"W",S53*#REF!,"X") -> #REF! | U53: =IF(MID($N52,5,1)<>"W",VLOOKUP(N53,[4]정격용량!$B$3:$K$633,9,FALSE),"X") -> 10 | V53: =IFERROR(IF(J53="Z",VLOOKUP(P53,'[4]SERVO CABLE'!G:AD,8,FALSE),VLOOKUP(P53,'[4]SERVO CABLE'!G:AD,4,FALSE)),"") -> JZSP-C7M32F-□-E | W53: =IFERROR(VLOOKUP(P53,'[4]SERVO CABLE'!G:AD,17,FALSE),"") -> JZSP-C7PA2D-□-E | Y53: 2 | Z53: =IF($Y53=1,$R$9,"") | AA53: =IF($Y53=2,$R$9,"") -> 0.2 | AB53: =IF($Y53=3,$R$9,"") | AC53: =IF(MID($N52,5,1)<>"W",((700*700)/$Q53*1.509)/1000,"X") -> 0.49294 | AD53: =IF($AC53="X","X",IF($AC53<0.1,"X",IF($AC53<0.27,"IRV60",IF($AC53<0.91,"IRV80",IF($AC53<1.1,"IRV100",IF($AC53<1.3,"IRV120",IF($AC53<1.6,"IRV150",IF($AC53<2.2,"IRV200",IF($AC53<2.7,"IRV300",IF($AC53<4.3,"IRV400",IF($AC53<6.8,"IRV500","X"))))))))))) -> IRV80
A54: TR | D54: DR380C | G54: LCCTR Push Bar Y-2 | H54: =E54&F54&" "&G54 -> LCCTR Push Bar Y-2 | I54: =IF(OR(LEFT(O54,3)="SGL",LEFT(O54,5)="SGMCS"),"LINEAR","Rotary") -> Rotary | J54: =IF(OR(RIGHT($H54,1)="Z",LEFT(RIGHT($H54,2),1)="Z",LEFT(RIGHT($H54,3),1)="Z"),"Z",IF(OR(RIGHT($H54,1)="X",LEFT(RIGHT($H54,2),1)="X",LEFT(RIGHT($H54,3),1)="X"),"X",IF(OR(RIGHT($H54,1)="Y",LEFT(RIGHT($H54,2),1)="Y",LEFT(RIGHT($H54,3),1)="Y"),"Y","T"))) -> Y | K54: =VLOOKUP($D54,[4]회선정보!B:F,3,FALSE) -> 0 | L54: =VLOOKUP($D54,[4]회선정보!B:F,4,FALSE) -> C | M54: =VLOOKUP($D54,[4]회선정보!B:F,5,FALSE) -> MP8-1 | O54: SGM7J-08A7A21 | P54: =IFERROR(IF($I54="Rotary",LEFT($O54,9),$O54),"") -> SGM7J-08A | Q54: =IF(MID($N53,5,1)<>"W",VLOOKUP(N54,[4]정격용량!$B$3:$K$633,4,FALSE),"X") -> X | R54: =IF(MID(N53,5,1)<>"W",VLOOKUP(N54,[4]정격용량!$B$3:$K$633,3,FALSE),"X") -> X | S54: =IF(MID(N53,5,1)<>"W",VLOOKUP(N54,[4]정격용량!$B$3:$K$633,6,FALSE),"X") -> X | T54: =IF(MID($N53,5,1)<>"W",S54*#REF!,"X") -> X | U54: =IF(MID($N53,5,1)<>"W",VLOOKUP(N54,[4]정격용량!$B$3:$K$633,9,FALSE),"X") -> X | V54: =IFERROR(IF(J54="Z",VLOOKUP(P54,'[4]SERVO CABLE'!G:AD,8,FALSE),VLOOKUP(P54,'[4]SERVO CABLE'!G:AD,4,FALSE)),"") -> JZSP-C7M32F-□-E | W54: =IFERROR(VLOOKUP(P54,'[4]SERVO CABLE'!G:AD,17,FALSE),"") -> JZSP-C7PA2D-□-E | Z54: =IF($Y54=1,$R$9,"") | AA54: =IF($Y54=2,$R$9,"") | AB54: =IF($Y54=3,$R$9,"") | AC54: =IF(MID($N53,5,1)<>"W",((700*700)/$Q54*1.509)/1000,"X") -> X | AD54: =IF($AC54="X","X",IF($AC54<0.1,"X",IF($AC54<0.27,"IRV60",IF($AC54<0.91,"IRV80",IF($AC54<1.1,"IRV100",IF($AC54<1.3,"IRV120",IF($AC54<1.6,"IRV150",IF($AC54<2.2,"IRV200",IF($AC54<2.7,"IRV300",IF($AC54<4.3,"IRV400",IF($AC54<6.8,"IRV500","X"))))))))))) -> X
D55: DR380D | G55: LCCTR Push Bar Z | H55: =E55&F55&" "&G55 -> LCCTR Push Bar Z | I55: =IF(OR(LEFT(O55,3)="SGL",LEFT(O55,5)="SGMCS"),"LINEAR","Rotary") -> Rotary | J55: =IF(OR(RIGHT($H55,1)="Z",LEFT(RIGHT($H55,2),1)="Z",LEFT(RIGHT($H55,3),1)="Z"),"Z",IF(OR(RIGHT($H55,1)="X",LEFT(RIGHT($H55,2),1)="X",LEFT(RIGHT($H55,3),1)="X"),"X",IF(OR(RIGHT($H55,1)="Y",LEFT(RIGHT($H55,2),1)="Y",LEFT(RIGHT($H55,3),1)="Y"),"Y","T"))) -> Z | K55: =VLOOKUP($D55,[4]회선정보!B:F,3,FALSE) -> 0 | L55: =VLOOKUP($D55,[4]회선정보!B:F,4,FALSE) -> D | M55: =VLOOKUP($D55,[4]회선정보!B:F,5,FALSE) -> MP8-1 | N55: SGD7W-2R8A20A | O55: SGM7J-04A7A2C | P55: =IFERROR(IF($I55="Rotary",LEFT($O55,9),$O55),"") -> SGM7J-04A | Q55: =IF(MID($N54,5,1)<>"W",VLOOKUP(N55,[4]정격용량!$B$3:$K$633,4,FALSE),"X") -> 800 | R55: =IF(MID(N54,5,1)<>"W",VLOOKUP(N55,[4]정격용량!$B$3:$K$633,3,FALSE),"X") -> 0.3 | S55: =IF(MID(N54,5,1)<>"W",VLOOKUP(N55,[4]정격용량!$B$3:$K$633,6,FALSE),"X") -> 4.7 | T55: =IF(MID($N54,5,1)<>"W",S55*#REF!,"X") -> #REF! | U55: =IF(MID($N54,5,1)<>"W",VLOOKUP(N55,[4]정격용량!$B$3:$K$633,9,FALSE),"X") -> 7 | V55: =IFERROR(IF(J55="Z",VLOOKUP(P55,'[4]SERVO CABLE'!G:AD,8,FALSE),VLOOKUP(P55,'[4]SERVO CABLE'!G:AD,4,FALSE)),"") -> JZSP-C7M24F-□-E | W55: =IFERROR(VLOOKUP(P55,'[4]SERVO CABLE'!G:AD,17,FALSE),"") -> JZSP-C7PA2D-□-E | Y55: 3 | Z55: =IF($Y55=1,$R$9,"") | AA55: =IF($Y55=2,$R$9,"") | AB55: =IF($Y55=3,$R$9,"") -> 0.2 | AC55: =IF(MID($N54,5,1)<>"W",((700*700)/$Q55*1.509)/1000,"X") -> 0.9242625 | AD55: =IF($AC55="X","X",IF($AC55<0.1,"X",IF($AC55<0.27,"IRV60",IF($AC55<0.91,"IRV80",IF($AC55<1.1,"IRV100",IF($AC55<1.3,"IRV120",IF($AC55<1.6,"IRV150",IF($AC55<2.2,"IRV200",IF($AC55<2.7,"IRV300",IF($AC55<4.3,"IRV400",IF($AC55<6.8,"IRV500","X"))))))))))) -> IRV100
D56: DR380E | G56: LCCTR Break Table Y-1 | H56: =E56&F56&" "&G56 -> LCCTR Break Table Y-1 | I56: =IF(OR(LEFT(O56,3)="SGL",LEFT(O56,5)="SGMCS"),"LINEAR","Rotary") -> LINEAR | J56: =IF(OR(RIGHT($H56,1)="Z",LEFT(RIGHT($H56,2),1)="Z",LEFT(RIGHT($H56,3),1)="Z"),"Z",IF(OR(RIGHT($H56,1)="X",LEFT(RIGHT($H56,2),1)="X",LEFT(RIGHT($H56,3),1)="X"),"X",IF(OR(RIGHT($H56,1)="Y",LEFT(RIGHT($H56,2),1)="Y",LEFT(RIGHT($H56,3),1)="Y"),"Y","T"))) -> Y | K56: =VLOOKUP($D56,[4]회선정보!B:F,3,FALSE) -> 0 | L56: =VLOOKUP($D56,[4]회선정보!B:F,4,FALSE) -> E | M56: =VLOOKUP($D56,[4]회선정보!B:F,5,FALSE) -> MP8-1 | N56: SGD7W-5R5A20A | O56: SGLFW-35A230AP | P56: =IFERROR(IF($I56="Rotary",LEFT($O56,9),$O56),"") -> SGLFW-35A230AP | Q56: =IF(MID($N55,5,1)<>"W",VLOOKUP(N56,[4]정격용량!$B$3:$K$633,4,FALSE),"X") -> X | R56: =IF(MID(N55,5,1)<>"W",VLOOKUP(N56,[4]정격용량!$B$3:$K$633,3,FALSE),"X") -> X | S56: =IF(MID(N55,5,1)<>"W",VLOOKUP(N56,[4]정격용량!$B$3:$K$633,6,FALSE),"X") -> X | T56: =IF(MID($N55,5,1)<>"W",S56*#REF!,"X") -> X | U56: =IF(MID($N55,5,1)<>"W",VLOOKUP(N56,[4]정격용량!$B$3:$K$633,9,FALSE),"X") -> X | V56: =IFERROR(IF(J56="Z",VLOOKUP(P56,'[4]SERVO CABLE'!G:AD,8,FALSE),VLOOKUP(P56,'[4]SERVO CABLE'!G:AD,4,FALSE)),"") -> JZSP-CLN11-01-E | W56: =IFERROR(VLOOKUP(P56,'[4]SERVO CABLE'!G:AD,17,FALSE),"") -> JZSP-CLP70-□-ER | Y56: 3 | Z56: =IF($Y56=1,$R$9,"") | AA56: =IF($Y56=2,$R$9,"") | AB56: =IF($Y56=3,$R$9,"") -> 0.2 | AC56: =IF(MID($N55,5,1)<>"W",((700*700)/$Q56*1.509)/1000,"X") -> X | AD56: =IF($AC56="X","X",IF($AC56<0.1,"X",IF($AC56<0.27,"IRV60",IF($AC56<0.91,"IRV80",IF($AC56<1.1,"IRV100",IF($AC56<1.3,"IRV120",IF($AC56<1.6,"IRV150",IF($AC56<2.2,"IRV200",IF($AC56<2.7,"IRV300",IF($AC56<4.3,"IRV400",IF($AC56<6.8,"IRV500","X"))))))))))) -> X
D57: DR380F | G57: LCCTR Break Table Y-2 | H57: =E57&F57&" "&G57 -> LCCTR Break Table Y-2 | I57: =IF(OR(LEFT(O57,3)="SGL",LEFT(O57,5)="SGMCS"),"LINEAR","Rotary") -> LINEAR | J57: =IF(OR(RIGHT($H57,1)="Z",LEFT(RIGHT($H57,2),1)="Z",LEFT(RIGHT($H57,3),1)="Z"),"Z",IF(OR(RIGHT($H57,1)="X",LEFT(RIGHT($H57,2),1)="X",LEFT(RIGHT($H57,3),1)="X"),"X",IF(OR(RIGHT($H57,1)="Y",LEFT(RIGHT($H57,2),1)="Y",LEFT(RIGHT($H57,3),1)="Y"),"Y","T"))) -> Y | K57: =VLOOKUP($D57,[4]회선정보!B:F,3,FALSE) -> 0 | L57: =VLOOKUP($D57,[4]회선정보!B:F,4,FALSE) -> F | M57: =VLOOKUP($D57,[4]회선정보!B:F,5,FALSE) -> MP8-1 | O57: SGLFW-35A230AP | P57: =IFERROR(IF($I57="Rotary",LEFT($O57,9),$O57),"") -> SGLFW-35A230AP | Q57: =IF(MID($N56,5,1)<>"W",VLOOKUP(N57,[4]정격용량!$B$3:$K$633,4,FALSE),"X") -> X | R57: =IF(MID(N56,5,1)<>"W",VLOOKUP(N57,[4]정격용량!$B$3:$K$633,3,FALSE),"X") -> X | S57: =IF(MID(N56,5,1)<>"W",VLOOKUP(N57,[4]정격용량!$B$3:$K$633,6,FALSE),"X") -> X | T57: =IF(MID($N56,5,1)<>"W",S57*#REF!,"X") -> X | U57: =IF(MID($N56,5,1)<>"W",VLOOKUP(N57,[4]정격용량!$B$3:$K$633,9,FALSE),"X") -> X | V57: =IFERROR(IF(J57="Z",VLOOKUP(P57,'[4]SERVO CABLE'!G:AD,8,FALSE),VLOOKUP(P57,'[4]SERVO CABLE'!G:AD,4,FALSE)),"") -> JZSP-CLN11-01-E | W57: =IFERROR(VLOOKUP(P57,'[4]SERVO CABLE'!G:AD,17,FALSE),"") -> JZSP-CLP70-□-ER | Z57: =IF($Y57=1,$R$9,"") | AA57: =IF($Y57=2,$R$9,"") | AB57: =IF($Y57=3,$R$9,"") | AC57: =IF(MID($N56,5,1)<>"W",((700*700)/$Q57*1.509)/1000,"X") -> X | AD57: =IF($AC57="X","X",IF($AC57<0.1,"X",IF($AC57<0.27,"IRV60",IF($AC57<0.91,"IRV80",IF($AC57<1.1,"IRV100",IF($AC57<1.3,"IRV120",IF($AC57<1.6,"IRV150",IF($AC57<2.2,"IRV200",IF($AC57<2.7,"IRV300",IF($AC57<4.3,"IRV400",IF($AC57<6.8,"IRV500","X"))))))))))) -> X
D58: DR3810 | G58: LCCTR Break Table Z-1 | H58: =E58&F58&" "&G58 -> LCCTR Break Table Z-1 | I58: =IF(OR(LEFT(O58,3)="SGL",LEFT(O58,5)="SGMCS"),"LINEAR","Rotary") -> Rotary | J58: =IF(OR(RIGHT($H58,1)="Z",LEFT(RIGHT($H58,2),1)="Z",LEFT(RIGHT($H58,3),1)="Z"),"Z",IF(OR(RIGHT($H58,1)="X",LEFT(RIGHT($H58,2),1)="X",LEFT(RIGHT($H58,3),1)="X"),"X",IF(OR(RIGHT($H58,1)="Y",LEFT(RIGHT($H58,2),1)="Y",LEFT(RIGHT($H58,3),1)="Y"),"Y","T"))) -> Z | K58: =VLOOKUP($D58,[4]회선정보!B:F,3,FALSE) -> 1 | L58: =VLOOKUP($D58,[4]회선정보!B:F,4,FALSE) -> 0 | M58: =VLOOKUP($D58,[4]회선정보!B:F,5,FALSE) -> MP8-1 | N58: SGD7W-5R5A20A | O58: SGM7J-08A7A2C | P58: =IFERROR(IF($I58="Rotary",LEFT($O58,9),$O58),"") -> SGM7J-08A | Q58: =IF(MID($N57,5,1)<>"W",VLOOKUP(N58,[4]정격용량!$B$3:$K$633,4,FALSE),"X") -> 1500 | R58: =IF(MID(N57,5,1)<>"W",VLOOKUP(N58,[4]정격용량!$B$3:$K$633,3,FALSE),"X") -> 0.3 | S58: =IF(MID(N57,5,1)<>"W",VLOOKUP(N58,[4]정격용량!$B$3:$K$633,6,FALSE),"X") -> 7.8 | T58: =IF(MID($N57,5,1)<>"W",S58*#REF!,"X") -> #REF! | U58: =IF(MID($N57,5,1)<>"W",VLOOKUP(N58,[4]정격용량!$B$3:$K$633,9,FALSE),"X") -> 10 | V58: =IFERROR(IF(J58="Z",VLOOKUP(P58,'[4]SERVO CABLE'!G:AD,8,FALSE),VLOOKUP(P58,'[4]SERVO CABLE'!G:AD,4,FALSE)),"") -> JZSP-C7M34F-□-E | W58: =IFERROR(VLOOKUP(P58,'[4]SERVO CABLE'!G:AD,17,FALSE),"") -> JZSP-C7PA2D-□-E | Y58: 3 | Z58: =IF($Y58=1,$R$9,"") | AA58: =IF($Y58=2,$R$9,"") | AB58: =IF($Y58=3,$R$9,"") -> 0.2 | AC58: =IF(MID($N57,5,1)<>"W",((700*700)/$Q58*1.509)/1000,"X") -> 0.49294 | AD58: =IF($AC58="X","X",IF($AC58<0.1,"X",IF($AC58<0.27,"IRV60",IF($AC58<0.91,"IRV80",IF($AC58<1.1,"IRV100",IF($AC58<1.3,"IRV120",IF($AC58<1.6,"IRV150",IF($AC58<2.2,"IRV200",IF($AC58<2.7,"IRV300",IF($AC58<4.3,"IRV400",IF($AC58<6.8,"IRV500","X"))))))))))) -> IRV80
D59: DR3811 | G59: LCCTR Break Table Z-2 | H59: =E59&F59&" "&G59 -> LCCTR Break Table Z-2 | I59: =IF(OR(LEFT(O59,3)="SGL",LEFT(O59,5)="SGMCS"),"LINEAR","Rotary") -> Rotary | J59: =IF(OR(RIGHT($H59,1)="Z",LEFT(RIGHT($H59,2),1)="Z",LEFT(RIGHT($H59,3),1)="Z"),"Z",IF(OR(RIGHT($H59,1)="X",LEFT(RIGHT($H59,2),1)="X",LEFT(RIGHT($H59,3),1)="X"),"X",IF(OR(RIGHT($H59,1)="Y",LEFT(RIGHT($H59,2),1)="Y",LEFT(RIGHT($H59,3),1)="Y"),"Y","T"))) -> Z | K59: =VLOOKUP($D59,[4]회선정보!B:F,3,FALSE) -> 1 | L59: =VLOOKUP($D59,[4]회선정보!B:F,4,FALSE) -> 1 | M59: =VLOOKUP($D59,[4]회선정보!B:F,5,FALSE) -> MP8-1 | O59: SGM7J-08A7A2C | P59: =IFERROR(IF($I59="Rotary",LEFT($O59,9),$O59),"") -> SGM7J-08A | Q59: =IF(MID($N58,5,1)<>"W",VLOOKUP(N59,[4]정격용량!$B$3:$K$633,4,FALSE),"X") -> X | R59: =IF(MID(N58,5,1)<>"W",VLOOKUP(N59,[4]정격용량!$B$3:$K$633,3,FALSE),"X") -> X | S59: =IF(MID(N58,5,1)<>"W",VLOOKUP(N59,[4]정격용량!$B$3:$K$633,6,FALSE),"X") -> X | T59: =IF(MID($N58,5,1)<>"W",S59*#REF!,"X") -> X | U59: =IF(MID($N58,5,1)<>"W",VLOOKUP(N59,[4]정격용량!$B$3:$K$633,9,FALSE),"X") -> X | V59: =IFERROR(IF(J59="Z",VLOOKUP(P59,'[4]SERVO CABLE'!G:AD,8,FALSE),VLOOKUP(P59,'[4]SERVO CABLE'!G:AD,4,FALSE)),"") -> JZSP-C7M34F-□-E | W59: =IFERROR(VLOOKUP(P59,'[4]SERVO CABLE'!G:AD,17,FALSE),"") -> JZSP-C7PA2D-□-E | Z59: =IF($Y59=1,$R$9,"") | AA59: =IF($Y59=2,$R$9,"") | AB59: =IF($Y59=3,$R$9,"") | AC59: =IF(MID($N58,5,1)<>"W",((700*700)/$Q59*1.509)/1000,"X") -> X | AD59: =IF($AC59="X","X",IF($AC59<0.1,"X",IF($AC59<0.27,"IRV60",IF($AC59<0.91,"IRV80",IF($AC59<1.1,"IRV100",IF($AC59<1.3,"IRV120",IF($AC59<1.6,"IRV150",IF($AC59<2.2,"IRV200",IF($AC59<2.7,"IRV300",IF($AC59<4.3,"IRV400",IF($AC59<6.8,"IRV500","X"))))))))))) -> X
D60: DR3812 | G60: LCCTR Break Table T | H60: =E60&F60&" "&G60 -> LCCTR Break Table T | I60: =IF(OR(LEFT(O60,3)="SGL",LEFT(O60,5)="SGMCS"),"LINEAR","Rotary") -> Rotary | J60: =IF(OR(RIGHT($H60,1)="Z",LEFT(RIGHT($H60,2),1)="Z",LEFT(RIGHT($H60,3),1)="Z"),"Z",IF(OR(RIGHT($H60,1)="X",LEFT(RIGHT($H60,2),1)="X",LEFT(RIGHT($H60,3),1)="X"),"X",IF(OR(RIGHT($H60,1)="Y",LEFT(RIGHT($H60,2),1)="Y",LEFT(RIGHT($H60,3),1)="Y"),"Y","T"))) -> T | K60: =VLOOKUP($D60,[4]회선정보!B:F,3,FALSE) -> 1 | L60: =VLOOKUP($D60,[4]회선정보!B:F,4,FALSE) -> 2 | M60: =VLOOKUP($D60,[4]회선정보!B:F,5,FALSE) -> MP8-1 | N60: SGD7S-2R8A20A | O60: SGM7J-04A7A2C | P60: =IFERROR(IF($I60="Rotary",LEFT($O60,9),$O60),"") -> SGM7J-04A | Q60: =IF(MID($N59,5,1)<>"W",VLOOKUP(N60,[4]정격용량!$B$3:$K$633,4,FALSE),"X") -> 400 | R60: =IF(MID(N59,5,1)<>"W",VLOOKUP(N60,[4]정격용량!$B$3:$K$633,3,FALSE),"X") -> 0.2 | S60: =IF(MID(N59,5,1)<>"W",VLOOKUP(N60,[4]정격용량!$B$3:$K$633,6,FALSE),"X") -> 2.5 | T60: =IF(MID($N59,5,1)<>"W",S60*#REF!,"X") -> #REF! | U60: =IF(MID($N59,5,1)<>"W",VLOOKUP(N60,[4]정격용량!$B$3:$K$633,9,FALSE),"X") -> 3 | V60: =IFERROR(IF(J60="Z",VLOOKUP(P60,'[4]SERVO CABLE'!G:AD,8,FALSE),VLOOKUP(P60,'[4]SERVO CABLE'!G:AD,8,FALSE)),"") -> JZSP-C7M24F-□-E | W60: =IFERROR(VLOOKUP(P60,'[4]SERVO CABLE'!G:AD,17,FALSE),"") -> JZSP-C7PA2D-□-E | Y60: 3 | Z60: =IF($Y60=1,$R$9,"") | AA60: =IF($Y60=2,$R$9,"") | AB60: =IF($Y60=3,$R$9,"") -> 0.2 | AC60: =IF(MID($N59,5,1)<>"W",((700*700)/$Q60*1.509)/1000,"X") -> 1.848525 | AD60: =IF($AC60="X","X",IF($AC60<0.1,"X",IF($AC60<0.27,"IRV60",IF($AC60<0.91,"IRV80",IF($AC60<1.1,"IRV100",IF($AC60<1.3,"IRV120",IF($AC60<1.6,"IRV150",IF($AC60<2.2,"IRV200",IF($AC60<2.7,"IRV300",IF($AC60<4.3,"IRV400",IF($AC60<6.8,"IRV500","X"))))))))))) -> IRV200
R61: =SUM(R19:R60) -> 6.5 | S61: =SUM(S19:S60) -> 97.9 | T61: =SUM(T19:T60) -> #REF! | Z61: =SUM(Z9:Z60) -> 2.2 | AA61: =SUM(AA9:AA60) -> 2.2 | AB61: =SUM(AB9:AB60) -> 2.4
P64: =IFERROR(IF($I64="Rotary",LEFT($O64,9),$O64),"") -> 0
P65: =IFERROR(IF($I65="Rotary",LEFT($O65,9),$O65),"") -> 0
P66: =IFERROR(IF($I66="Rotary",LEFT($O66,9),$O66),"") -> 0
P67: =IFERROR(IF($I67="Rotary",LEFT($O67,9),$O67),"") -> 0
P68: =IFERROR(IF($I68="Rotary",LEFT($O68,9),$O68),"") -> 0
P69: =IFERROR(IF($I69="Rotary",LEFT($O69,9),$O69),"") -> 0
P70: =IFERROR(IF($I70="Rotary",LEFT($O70,9),$O70),"") -> 0
P71: =IFERROR(IF($I71="Rotary",LEFT($O71,9),$O71),"") -> 0
P72: =IFERROR(IF($I72="Rotary",LEFT($O72,9),$O72),"") -> 0
P73: =IFERROR(IF($I73="Rotary",LEFT($O73,9),$O73),"") -> 0
P74: =IFERROR(IF($I74="Rotary",LEFT($O74,9),$O74),"") -> 0
P75: =IFERROR(IF($I75="Rotary",LEFT($O75,9),$O75),"") -> 0
... P570: =IFERROR(IF($I570="Rotary",LEFT($O570,9),$O570),"") -> 0

Sheet 5. PC5_AXIS CHECK LIST(RCCT)
A2: 5. PC5_Axis Check List(RCCT)
C4: 1. PC Check List | H4: 이 Page의 내용은 MDIK에서 체크 및 결과를 기록 한다. | R4: OK
R5: NG
D6: 1) Main PC Install | R6: SKIP
D7: NO | E7: 구성 | F7: 기기명 | G7: 기타 사항 | H7: 명칭 | L7: 1차 Check | P7: 2차 Check
L8: 확인 일자 | M8: 결 과 | N8: 사 유 / 내용 | P8: 확인 일자 | Q8: 결 과 | R8: 사 유
D9: 1 | E9: 프로그램 & Option | F9: Antivirus | G9: AhnLab | H9: AhnLab V3 Internet Security 9.0
F10: Windows | G10: Microsoft | H10: Windows10 64Bit
F11: Excel | G11: Microsoft | H11: Office Home & Buseniss 2021
D17: NO | E17: 구성 | F17: 기기명 | G17: 설정 내용 | H17: 용도 명칭 | L17: 1차 Check | P17: 2차 Check
L18: 확인 일자 | M18: 결 과 | N18: 사 유 / 내용 | P18: 확인 일자 | Q18: 결 과 | R18: 사 유
D19: 1 | E19: PC PORT | F19: CPU Board Lan Card | G19: Port 1 | H19: HUB#2
G20: Port 2 | H20: RCCT MP3200
G21: Port 3
F22: Lan Card I350-T4V2 (Intel - 4Port) | G22: Port 1 | H22: RCCT ESD SPARE
G23: Port 2 | H23: UPS3 PM SPARE
G24: Port 3
G25: Port 4
F26: Moxa Card | G26: CP-118EL-A / RS232 | H26: 1 CH : Light Controller 2CH [RS232C] | I26: 33
H27: 2 CH : Light Controller 2CH [RS232C] | I27: 34
H28: 3 CH : | I28: 35
H29: 4 CH : | I29: 36
H30: 5 CH : | I30: 37
H31: 6 CH : Dust 03 [RS485] (온도계) | I31: 38
H32: 7 CH : Dust 03 [RS485] (압력계) | I32: 39
H33: 8 CH : Dust 03 [RS485] (기판) | I33: 40
H34: 9 CH :
H35: 10 CH :
H36: 11 CH :
H37: 12 CH :
H38: 13 CH :
H39: 14 CH :
H40: 15 CH :
H41: 16 CH :
F42: Moxa Card | G42: CP-116E-A / RS232,485 | H42: 1 CH : SMC10 [RS485] | I42: 17
H43: 2 CH : SMC11 [RS485] | I43: 18
H44: 3 CH : SMC12 [RS485] | I44: 19
H45: 4 CH : SMC13 [RS485] | I45: 20
H46: 5 CH : SMC14 [RS485] | I46: 21
H47: 6 CH : | I47: 22
H48: 7 CH : | I48: 23
H49: 8 CH : Temp Sensor [RS485] | I49: 24
H50: 9 CH : RCCT IONAZER #1 [RS485] | I50: 25
H51: 10 CH : RCCT IONAZER #2 [RS485] | I51: 26
H52: 11 CH : RCCT IONAZER #3 [RS485] | I52: 27
H53: 12 CH : RCCT IONAZER #4 [RS485] | I53: 28
H54: 13 CH : RCCT IONAZER #5 [RS485] | I54: 29
... H57: 16 CH : RCCT IONAZER #8 [RS485] | I57: 32
F58: Camera Board (FG-NA24-POE 4CH) | G58: Port 1 | H58: RCCTL Scribe Align Left Camera
G59: Port 2 | H59: RCCTL Scribe Align Right Camera
G60: Port 3 | H60: RCCTR Scribe Align Left Camera
G61: Port 4 | H61: RCCTR Scribe Align Right Camera
D62: 2 | E62: MP3200 | F62: Power | G62: JEPMC-PSA3012-E
F63: CPU | G63: JEPMC-CP3201-E | H63: Motion Controller
F64: Base | G64: JEPMC-BUB3008-E | H64: Option 8 Slot
F65: 1. Motion Board | G65: JAPMC-MC2320-E | H65: Servo Controller
F66: 2. Motion Board | G66: JAPMC-MC2320-E | H66: Servo Controller
F67: 3. Motion Board | G67: JAPMC-MC2320-E | H67: Servo Controller
F68: 4. Motion Board | G68: JAPMC-MC2320-E | H68: Servo Controller
F69: 5. Gateway | G69: MPHLS-01 | H69: M System IO Module
F70: 6. Direct IO | G70: JAPMC-IO2303-E | H70: Omron Safety LIO Module
F71: 7. Direct IO | G71: JAPMC-IO2303-E | H71: Omron Safety LIO Module
F72: 8. MP Link | G72: JAPMC-CM2360-E
H73: Pendant RS232C Interface
D76: 2. Axis Check List
D77: CPU-201 Board 1 MechatroLink- Ⅲ Transmission Cycle 1.0ms
D78: 회선 | F78: 기기명 | G78: DR No | H78: 명칭 | I78: 설정 | L78: 1차 Check | P78: 2차 Check
I79: S1 | J79: S2 | K79: 회선 | L79: 확인 일자 | M79: 결 과 | N79: 사 유 / 내용 | P79: 확인 일자 | Q79: 결 과 | R79: 사 유
D80: 1 | E80: 1 | F80: SGD7S-7R6A20A | G80: DR4103 | H80: RCCT Stick Transfer2 X-1 | I80: 0 | J80: 3 | K80: MP1-1
E81: 2 | I81: 0 | J81: 4 | K81: =K80 -> MP1-1
E82: 3 | F82: SGD7S-5R5A20A | G82: DR4105 | H82: RCCT Stick Transfer2 Z-1 | I82: 0 | J82: 5 | K82: =K81 -> MP1-1
E83: 4 | I83: 0 | J83: 6 | K83: =K82 -> MP1-1
E84: 5 | I84: 0 | J84: 7 | K84: =K83 -> MP1-1
E85: 6 | I85: 0 | J85: 8 | K85: =K84 -> MP1-1
E86: 7 | I86: 0 | J86: 9 | K86: =K85 -> MP1-1
E87: 8 | I87: 0 | J87: A | K87: =K86 -> MP1-1
E88: 9 | I88: 0 | J88: B | K88: =K87 -> MP1-1
E89: 10 | I89: 0 | J89: C | K89: =K88 -> MP1-1
E90: 11 | I90: 0 | J90: D | K90: =K89 -> MP1-1
E91: 12 | I91: 0 | J91: E | K91: =K90 -> MP1-1
E92: 13 | I92: 0 | J92: F | K92: =K91 -> MP1-1
E93: 14 | I93: 1 | J93: 0 | K93: =K92 -> MP1-1
E94: 15 | I94: 1 | J94: 1 | K94: =K93 -> MP1-1
E95: 16 | I95: 1 | J95: 2 | K95: =K94 -> MP1-1
E96: 17 | I96: 1 | J96: 3 | K96: MP1-2
E97: 18 | I97: 1 | J97: 4 | K97: =K96 -> MP1-2
E98: 19 | I98: 1 | J98: 5 | K98: =K97 -> MP1-2
E99: 20 | I99: 1 | J99: 6 | K99: =K98 -> MP1-2
E100: 21 | I100: 1 | J100: 7 | K100: =K99 -> MP1-2
E101: 22 | I101: 1 | J101: 8 | K101: =K100 -> MP1-2
E102: 23 | I102: 1 | J102: 9 | K102: =K101 -> MP1-2
E103: 24 | I103: 1 | J103: A | K103: =K102 -> MP1-2
E104: 25 | I104: 1 | J104: B | K104: =K103 -> MP1-2
E105: 26 | I105: 1 | J105: C | K105: =K104 -> MP1-2
E106: 27 | I106: 1 | J106: D | K106: =K105 -> MP1-2
E107: 28 | F107: R7G4HML3-6-SVF4-R | G107: AI-AN21 | H107: RCCT Table Level | I107: 1 | J107: E | K107: =K106 -> MP1-2
E108: 29 | F108: R7G4HML3-6-SVF4-R | G108: AI-AN21 | H108: RCCT LoadCell | I108: 1 | J108: F | K108: =K107 -> MP1-2
E109: 30
E110: 31
E111: 32
...

Sheet 5-1.RCCT(UPS3)
B2: =[4]표지!F19 -> SDV SISW-OLED2300-4
B6: UPS3 SERVO AXIS LIST ( RCCT ) | Z6: =SUM(Z9:Z60) -> 2.2 | AA6: =SUM(AA9:AA60) -> 2.2 | AB6: =SUM(AB9:AB60) -> 2.4
B7: PROCESS | D7: DR | H7: DT | I7: MOTOR TYPE | J7: AXIS | K7: 설정 | N7: SERVO PACK | O7: MOTOR | P7: MOTOR SUB | Q7: Watt | R7: CONTROL Power [A] | S7: Input Current [A] | T7: 가동율적용 [A] | U7: CB [A] | V7: Cable | X7: ELECTRONIC BOX NO. | Y7: 제어 전원 번호 | Z7: RS | AA7: RT | AB7: ST | AC7: RESISTOR | AD7: 회생저항
K8: S1 | L8: S2 | M8: 회선 | V8: Power | W8: Encoder
A9: RE | D9: DR4103 | G9: RCCT Stick Transfer2 X | H9: =E9&F9&" "&G9 -> RCCT Stick Transfer2 X | I9: =IF(OR(LEFT(O9,3)="SGL",LEFT(O9,5)="SGMCS"),"LINEAR","Rotary") -> Rotary | J9: =IF(OR(RIGHT($H9,1)="Z",LEFT(RIGHT($H9,2),1)="Z",LEFT(RIGHT($H9,3),1)="Z"),"Z",IF(OR(RIGHT($H9,1)="X",LEFT(RIGHT($H9,2),1)="X",LEFT(RIGHT($H9,3),1)="X"),"X",IF(OR(RIGHT($H9,1)="Y",LEFT(RIGHT($H9,2),1)="Y",LEFT(RIGHT($H9,3),1)="Y"),"Y","T"))) -> X | K9: =VLOOKUP($D9,[4]회선정보!B:F,3,FALSE) -> 0 | L9: =VLOOKUP($D9,[4]회선정보!B:F,4,FALSE) -> 3 | M9: =VLOOKUP($D9,[4]회선정보!B:F,5,FALSE) -> MP1-1 | N9: SGD7S-7R6A20A | O9: SGM7G-09A7A61 | P9: =IFERROR(IF($I9="Rotary",LEFT($O9,9),$O9),"") -> SGM7G-09A | Q9: =IF(MID($N8,5,1)<>"W",VLOOKUP(N9,[4]정격용량!$B$3:$K$633,4,FALSE),"X") -> 1000 | R9: =IF(MID($N8,5,1)<>"W",VLOOKUP(N9,[4]정격용량!$B$3:$K$633,3,FALSE),"X") -> 0.2 | S9: =IF(MID($N8,5,1)<>"W",VLOOKUP(N9,[4]정격용량!$B$3:$K$633,6,FALSE),"X") -> 5.7 | T9: =IF(MID($N8,5,1)<>"W",S9*$C$82,"X") -> 2.156087 | U9: =IF(MID($N8,5,1)<>"W",VLOOKUP(N9,[4]정격용량!$B$3:$K$633,9,FALSE),"X") -> 7 | V9: =IFERROR(IF(J9="Z",VLOOKUP(P9,'[4]SERVO CABLE'!G:AD,8,FALSE),VLOOKUP(P9,'[4]SERVO CABLE'!G:AD,4,FALSE)),"") -> JZSP-UVA122-□-E | W9: =IFERROR(VLOOKUP(P9,'[4]SERVO CABLE'!G:AD,17,FALSE),"") -> JZSP-CVP27-□-E | Y9: 1 | Z9: =IF($Y9=1,$R$9,"") -> 0.2 | AA9: =IF($Y9=2,$R$9,"") | AB9: =IF($Y9=3,$R$9,"") | AC9: =IF(MID($N8,5,1)<>"W",((700*700)/$Q9*1.509)/1000,"X") -> 0.73941 | AD9: =IF($AC9="X","X",IF($AC9<0.1,"X",IF($AC9<0.27,"IRV60",IF($AC9<0.91,"IRV80",IF($AC9<1.1,"IRV100",IF($AC9<1.3,"IRV120",IF($AC9<1.6,"IRV150",IF($AC9<2.2,"IRV200",IF($AC9<2.7,"IRV300",IF($AC9<4.3,"IRV400",IF($AC9<6.8,"IRV500","X"))))))))))) -> IRV80
A10: RE | D10: DR4105 | G10: RCCT Stick Transfer2 Z | H10: =E10&F10&" "&G10 -> RCCT Stick Transfer2 Z | I10: =IF(OR(LEFT(O10,3)="SGL",LEFT(O10,5)="SGMCS"),"LINEAR","Rotary") -> Rotary | J10: =IF(OR(RIGHT($H10,1)="Z",LEFT(RIGHT($H10,2),1)="Z",LEFT(RIGHT($H10,3),1)="Z"),"Z",IF(OR(RIGHT($H10,1)="X",LEFT(RIGHT($H10,2),1)="X",LEFT(RIGHT($H10,3),1)="X"),"X",IF(OR(RIGHT($H10,1)="Y",LEFT(RIGHT($H10,2),1)="Y",LEFT(RIGHT($H10,3),1)="Y"),"Y","T"))) -> Z | K10: =VLOOKUP($D10,[4]회선정보!B:F,3,FALSE) -> 0 | L10: =VLOOKUP($D10,[4]회선정보!B:F,4,FALSE) -> 5 | M10: =VLOOKUP($D10,[4]회선정보!B:F,5,FALSE) -> MP1-1 | N10: SGD7S-5R5A20A | O10: SGM7J-08A7A2C | P10: =IFERROR(IF($I10="Rotary",LEFT($O10,9),$O10),"") -> SGM7J-08A | Q10: =IF(MID($N9,5,1)<>"W",VLOOKUP(N10,[4]정격용량!$B$3:$K$633,4,FALSE),"X") -> 750 | R10: =IF(MID(N9,5,1)<>"W",VLOOKUP(N10,[4]정격용량!$B$3:$K$633,3,FALSE),"X") -> 0.2 | S10: =IF(MID(N9,5,1)<>"W",VLOOKUP(N10,[4]정격용량!$B$3:$K$633,6,FALSE),"X") -> 4.1 | T10: =IF(MID($N9,5,1)<>"W",S10*$C$82,"X") -> 1.5508696 | U10: =IF(MID($N9,5,1)<>"W",VLOOKUP(N10,[4]정격용량!$B$3:$K$633,9,FALSE),"X") -> 5 | V10: =IFERROR(IF(J10="Z",VLOOKUP(P10,'[4]SERVO CABLE'!G:AD,8,FALSE),VLOOKUP(P10,'[4]SERVO CABLE'!G:AD,4,FALSE)),"") -> JZSP-C7M34F-□-E | W10: =IFERROR(VLOOKUP(P10,'[4]SERVO CABLE'!G:AD,17,FALSE),"") -> JZSP-C7PA2D-□-E | Y10: 2 | Z10: =IF($Y10=1,$R$9,"") | AA10: =IF($Y10=2,$R$9,"") -> 0.2 | AB10: =IF($Y10=3,$R$9,"") | AC10: =IF(MID($N9,5,1)<>"W",((700*700)/$Q10*1.509)/1000,"X") -> 0.98588 | AD10: =IF($AC10="X","X",IF($AC10<0.1,"X",IF($AC10<0.27,"IRV60",IF($AC10<0.91,"IRV80",IF($AC10<1.1,"IRV100",IF($AC10<1.3,"IRV120",IF($AC10<1.6,"IRV150",IF($AC10<2.2,"IRV200",IF($AC10<2.7,"IRV300",IF($AC10<4.3,"IRV400",IF($AC10<6.8,"IRV500","X"))))))))))) -> IRV100
A11: TR | D11: DR4503 | G11: RCCTL Cutter X | H11: =E11&F11&" "&G11 -> RCCTL Cutter X | I11: =IF(OR(LEFT(O11,3)="SGL",LEFT(O11,5)="SGMCS"),"LINEAR","Rotary") -> LINEAR | J11: =IF(OR(RIGHT($H11,1)="Z",LEFT(RIGHT($H11,2),1)="Z",LEFT(RIGHT($H11,3),1)="Z"),"Z",IF(OR(RIGHT($H11,1)="X",LEFT(RIGHT($H11,2),1)="X",LEFT(RIGHT($H11,3),1)="X"),"X",IF(OR(RIGHT($H11,1)="Y",LEFT(RIGHT($H11,2),1)="Y",LEFT(RIGHT($H11,3),1)="Y"),"Y","T"))) -> X | K11: =VLOOKUP($D11,[4]회선정보!B:F,3,FALSE) -> 0 | L11: =VLOOKUP($D11,[4]회선정보!B:F,4,FALSE) -> 3 | M11: =VLOOKUP($D11,[4]회선정보!B:F,5,FALSE) -> MP5-1 | N11: SGD7W-1R6A20A | O11: SGLGW-60A140C | P11: =IFERROR(IF($I11="Rotary",LEFT($O11,9),$O11),"") -> SGLGW-60A140C | Q11: =IF(MID($N10,5,1)<>"W",VLOOKUP(N11,[4]정격용량!$B$3:$K$633,4,FALSE),"X") -> 400 | R11: =IF(MID(N10,5,1)<>"W",VLOOKUP(N11,[4]정격용량!$B$3:$K$633,3,FALSE),"X") -> 0.3 | S11: =IF(MID(N10,5,1)<>"W",VLOOKUP(N11,[4]정격용량!$B$3:$K$633,6,FALSE),"X") -> 2.5 | T11: =IF(MID($N10,5,1)<>"W",S11*$C$82,"X") -> 0.94565217 | U11: =IF(MID($N10,5,1)<>"W",VLOOKUP(N11,[4]정격용량!$B$3:$K$633,9,FALSE),"X") -> 3 | V11: =IFERROR(IF(J11="Z",VLOOKUP(P11,'[4]SERVO CABLE'!G:AD,8,FALSE),VLOOKUP(P11,'[4]SERVO CABLE'!G:AD,4,FALSE)),"") -> JZSP-CLN11-□ | W11: =IFERROR(VLOOKUP(P11,'[4]SERVO CABLE'!G:AD,17,FALSE),"") -> JZSP-CLP70-□-ER | Y11: 3 | Z11: =IF($Y11=1,$R$9,"") | AA11: =IF($Y11=2,$R$9,"") | AB11: =IF($Y11=3,$R$9,"") -> 0.2 | AC11: =IF(MID($N10,5,1)<>"W",((700*700)/$Q11*1.509)/1000,"X") -> 1.848525 | AD11: =IF($AC11="X","X",IF($AC11<0.1,"X",IF($AC11<0.27,"IRV60",IF($AC11<0.91,"IRV80",IF($AC11<1.1,"IRV100",IF($AC11<1.3,"IRV120",IF($AC11<1.6,"IRV150",IF($AC11<2.2,"IRV200",IF($AC11<2.7,"IRV300",IF($AC11<4.3,"IRV400",IF($AC11<6.8,"IRV500","X"))))))))))) -> IRV200
A12: TR | D12: DR4504 | G12: RCCTL Camera X | H12: =E12&F12&" "&G12 -> RCCTL Camera X | I12: =IF(OR(LEFT(O12,3)="SGL",LEFT(O12,5)="SGMCS"),"LINEAR","Rotary") -> Rotary | J12: =IF(OR(RIGHT($H12,1)="Z",LEFT(RIGHT($H12,2),1)="Z",LEFT(RIGHT($H12,3),1)="Z"),"Z",IF(OR(RIGHT($H12,1)="X",LEFT(RIGHT($H12,2),1)="X",LEFT(RIGHT($H12,3),1)="X"),"X",IF(OR(RIGHT($H12,1)="Y",LEFT(RIGHT($H12,2),1)="Y",LEFT(RIGHT($H12,3),1)="Y"),"Y","T"))) -> X | K12: =VLOOKUP($D12,[4]회선정보!B:F,3,FALSE) -> 0 | L12: =VLOOKUP($D12,[4]회선정보!B:F,4,FALSE) -> 4 | M12: =VLOOKUP($D12,[4]회선정보!B:F,5,FALSE) -> MP5-1 | P12: =IFERROR(IF($I12="Rotary",LEFT($O12,9),$O12),"") | Q12: =IF(MID($N11,5,1)<>"W",VLOOKUP(N12,[4]정격용량!$B$3:$K$633,4,FALSE),"X") -> X | R12: =IF(MID(N11,5,1)<>"W",VLOOKUP(N12,[4]정격용량!$B$3:$K$633,3,FALSE),"X") -> X | S12: =IF(MID(N11,5,1)<>"W",VLOOKUP(N12,[4]정격용량!$B$3:$K$633,6,FALSE),"X") -> X | T12: =IF(MID($N11,5,1)<>"W",S12*$C$82,"X") -> X | U12: =IF(MID($N11,5,1)<>"W",VLOOKUP(N12,[4]정격용량!$B$3:$K$633,9,FALSE),"X") -> X | V12: =IFERROR(IF(J12="Z",VLOOKUP(P12,'[4]SERVO CABLE'!G:AD,8,FALSE),VLOOKUP(P12,'[4]SERVO CABLE'!G:AD,4,FALSE)),"") | W12: =IFERROR(VLOOKUP(P12,'[4]SERVO CABLE'!G:AD,17,FALSE),"") | Z12: =IF($Y12=1,$R$9,"") | AA12: =IF($Y12=2,$R$9,"") | AB12: =IF($Y12=3,$R$9,"") | AC12: =IF(MID($N11,5,1)<>"W",((700*700)/$Q12*1.509)/1000,"X") -> X | AD12: =IF($AC12="X","X",IF($AC12<0.1,"X",IF($AC12<0.27,"IRV60",IF($AC12<0.91,"IRV80",IF($AC12<1.1,"IRV100",IF($AC12<1.3,"IRV120",IF($AC12<1.6,"IRV150",IF($AC12<2.2,"IRV200",IF($AC12<2.7,"IRV300",IF($AC12<4.3,"IRV400",IF($AC12<6.8,"IRV500","X"))))))))))) -> X
